"Jahr","Bundesland","Feiertag","Datum","Hinweis"
2000,"BB","Neujahrstag","2000-01-01",""
2000,"BB","Karfreitag","2000-04-21",""
2000,"BB","Ostersonntag","2000-04-23",""
2000,"BB","Ostermontag","2000-04-24",""
2000,"BB","Tag der Arbeit","2000-05-01",""
2000,"BB","Christi Himmelfahrt","2000-06-01",""
2000,"BB","Pfingstsonntag","2000-06-11",""
2000,"BB","Pfingstmontag","2000-06-12",""
2000,"BB","Tag der Deutschen Einheit","2000-10-03",""
2000,"BB","Reformationstag","2000-10-31",""
2000,"BB","1. Weihnachtstag","2000-12-25",""
2000,"BB","2. Weihnachtstag","2000-12-26",""
2000,"BE","Neujahrstag","2000-01-01",""
2000,"BE","Karfreitag","2000-04-21",""
2000,"BE","Ostermontag","2000-04-24",""
2000,"BE","Tag der Arbeit","2000-05-01",""
2000,"BE","Christi Himmelfahrt","2000-06-01",""
2000,"BE","Pfingstmontag","2000-06-12",""
2000,"BE","Tag der Deutschen Einheit","2000-10-03",""
2000,"BE","1. Weihnachtstag","2000-12-25",""
2000,"BE","2. Weihnachtstag","2000-12-26",""
2000,"BW","Neujahrstag","2000-01-01",""
2000,"BW","Heilige Drei Könige","2000-01-06",""
2000,"BW","Karfreitag","2000-04-21",""
2000,"BW","Ostermontag","2000-04-24",""
2000,"BW","Tag der Arbeit","2000-05-01",""
2000,"BW","Christi Himmelfahrt","2000-06-01",""
2000,"BW","Pfingstmontag","2000-06-12",""
2000,"BW","Fronleichnam","2000-06-22",""
2000,"BW","Tag der Deutschen Einheit","2000-10-03",""
2000,"BW","Reformationstag","2000-10-31","Gemäß § 4 Abs. 3 des Feiertagsgesetzes von Baden-Württemberg[10] haben Schüler am Gründonnerstag und am Reformationstag schulfrei. In der Regel legt das Kultusministerium die Ferientermine so fest, dass diese beiden Tage in die Osterferien bzw. in die Herbstferien fallen."
2000,"BW","Allerheiligen","2000-11-01",""
2000,"BW","1. Weihnachtstag","2000-12-25",""
2000,"BW","2. Weihnachtstag","2000-12-26",""
2000,"BW","Gründonnerstag",NA,"Gemäß § 4 Abs. 3 des Feiertagsgesetzes von Baden-Württemberg[10] haben Schüler am Gründonnerstag und am Reformationstag schulfrei. In der Regel legt das Kultusministerium die Ferientermine so fest, dass diese beiden Tage in die Osterferien bzw. in die Herbstferien fallen."
2000,"BY","Neujahrstag","2000-01-01",""
2000,"BY","Heilige Drei Könige","2000-01-06",""
2000,"BY","Karfreitag","2000-04-21",""
2000,"BY","Ostermontag","2000-04-24",""
2000,"BY","Tag der Arbeit","2000-05-01",""
2000,"BY","Christi Himmelfahrt","2000-06-01",""
2000,"BY","Pfingstmontag","2000-06-12",""
2000,"BY","Fronleichnam","2000-06-22",""
2000,"BY","Augsburger Friedensfest","2000-08-08","Das Augsburger Friedensfest ist nur im Stadtgebiet Augsburg (nicht jedoch im angrenzenden Umland) gesetzlicher Feiertag (Art. 1 Abs. 2 Bayerisches Feiertagsgesetz[7])."
2000,"BY","Mariä Himmelfahrt","2000-08-15","Mariä Himmelfahrt ist in Bayern in von den derzeit 1704[8] (Zensus 2011, bis 2013: 1700) Gemeinden mit überwiegend katholischer Bevölkerung gesetzlicher Feiertag, in den restlichen 352 (Zensus 2011, bis 2013: 356) Gemeinden nicht. Gemäß Art. 1 Abs. 3 des Bayerischen Feiertagsgesetzes[7] ist es Aufgabe des Bayerischen Landesamtes für Statistik und Datenverarbeitung, festzustellen, in welchen Gemeinden Mariä Himmelfahrt gesetzlicher Feiertag ist. Die aktuelle Festlegung beruht auf dem Ergebnis der letzten in der Bundesrepublik Deutschland durchgeführten Volkszählung vom 25. Mai 1987. Gemäß Art 4. Abs. 3 des Bayerischen Feiertagsgesetzes entfällt im gesamten Bundesland zu Mariä Himmelfahrt an Schulen aller Gattungen der Unterricht. Diese Festlegung gilt ausdrücklich auch in den Teilen Bayerns, in denen dieser Tag kein gesetzlicher Feiertag ist. Eine Übersichtskarte aller Gemeinden, in denen Mariä Himmelfahrt ein Feiertag ist, kann beim Bayerischen Landesamt für Statistik und Datenverarbeitung heruntergeladen werden (Link siehe unter ""Weitere Weblinks"")."
2000,"BY","Tag der Deutschen Einheit","2000-10-03",""
2000,"BY","Allerheiligen","2000-11-01",""
2000,"BY","Buß- und Bettag","2000-11-22","Gemäß Art. 4 Nr. 3 des Bayerischen Feiertagsgesetzes[7] entfällt im gesamten Bundesland am Buß- und Bettag an allen Schulen der Unterricht."
2000,"BY","1. Weihnachtstag","2000-12-25",""
2000,"BY","2. Weihnachtstag","2000-12-26",""
2000,"HB","Neujahrstag","2000-01-01",""
2000,"HB","Karfreitag","2000-04-21",""
2000,"HB","Ostermontag","2000-04-24",""
2000,"HB","Tag der Arbeit","2000-05-01",""
2000,"HB","Christi Himmelfahrt","2000-06-01",""
2000,"HB","Pfingstmontag","2000-06-12",""
2000,"HB","Tag der Deutschen Einheit","2000-10-03",""
2000,"HB","1. Weihnachtstag","2000-12-25",""
2000,"HB","2. Weihnachtstag","2000-12-26",""
2000,"HE","Neujahrstag","2000-01-01",""
2000,"HE","Karfreitag","2000-04-21",""
2000,"HE","Ostermontag","2000-04-24",""
2000,"HE","Tag der Arbeit","2000-05-01",""
2000,"HE","Christi Himmelfahrt","2000-06-01",""
2000,"HE","Pfingstmontag","2000-06-12",""
2000,"HE","Fronleichnam","2000-06-22",""
2000,"HE","Tag der Deutschen Einheit","2000-10-03",""
2000,"HE","1. Weihnachtstag","2000-12-25",""
2000,"HE","2. Weihnachtstag","2000-12-26",""
2000,"HH","Neujahrstag","2000-01-01",""
2000,"HH","Karfreitag","2000-04-21",""
2000,"HH","Ostermontag","2000-04-24",""
2000,"HH","Tag der Arbeit","2000-05-01",""
2000,"HH","Christi Himmelfahrt","2000-06-01",""
2000,"HH","Pfingstmontag","2000-06-12",""
2000,"HH","Tag der Deutschen Einheit","2000-10-03",""
2000,"HH","1. Weihnachtstag","2000-12-25",""
2000,"HH","2. Weihnachtstag","2000-12-26",""
2000,"MV","Neujahrstag","2000-01-01",""
2000,"MV","Karfreitag","2000-04-21",""
2000,"MV","Ostermontag","2000-04-24",""
2000,"MV","Tag der Arbeit","2000-05-01",""
2000,"MV","Christi Himmelfahrt","2000-06-01",""
2000,"MV","Pfingstmontag","2000-06-12",""
2000,"MV","Tag der Deutschen Einheit","2000-10-03",""
2000,"MV","Reformationstag","2000-10-31",""
2000,"MV","1. Weihnachtstag","2000-12-25",""
2000,"MV","2. Weihnachtstag","2000-12-26",""
2000,"NI","Neujahrstag","2000-01-01",""
2000,"NI","Karfreitag","2000-04-21",""
2000,"NI","Ostermontag","2000-04-24",""
2000,"NI","Tag der Arbeit","2000-05-01",""
2000,"NI","Christi Himmelfahrt","2000-06-01",""
2000,"NI","Pfingstmontag","2000-06-12",""
2000,"NI","Tag der Deutschen Einheit","2000-10-03",""
2000,"NI","1. Weihnachtstag","2000-12-25",""
2000,"NI","2. Weihnachtstag","2000-12-26",""
2000,"NW","Neujahrstag","2000-01-01",""
2000,"NW","Karfreitag","2000-04-21",""
2000,"NW","Ostermontag","2000-04-24",""
2000,"NW","Tag der Arbeit","2000-05-01",""
2000,"NW","Christi Himmelfahrt","2000-06-01",""
2000,"NW","Pfingstmontag","2000-06-12",""
2000,"NW","Fronleichnam","2000-06-22",""
2000,"NW","Tag der Deutschen Einheit","2000-10-03",""
2000,"NW","Allerheiligen","2000-11-01",""
2000,"NW","1. Weihnachtstag","2000-12-25",""
2000,"NW","2. Weihnachtstag","2000-12-26",""
2000,"RP","Neujahrstag","2000-01-01",""
2000,"RP","Karfreitag","2000-04-21",""
2000,"RP","Ostermontag","2000-04-24",""
2000,"RP","Tag der Arbeit","2000-05-01",""
2000,"RP","Christi Himmelfahrt","2000-06-01",""
2000,"RP","Pfingstmontag","2000-06-12",""
2000,"RP","Fronleichnam","2000-06-22",""
2000,"RP","Tag der Deutschen Einheit","2000-10-03",""
2000,"RP","Allerheiligen","2000-11-01",""
2000,"RP","1. Weihnachtstag","2000-12-25",""
2000,"RP","2. Weihnachtstag","2000-12-26",""
2000,"SH","Neujahrstag","2000-01-01",""
2000,"SH","Karfreitag","2000-04-21",""
2000,"SH","Ostermontag","2000-04-24",""
2000,"SH","Tag der Arbeit","2000-05-01",""
2000,"SH","Christi Himmelfahrt","2000-06-01",""
2000,"SH","Pfingstmontag","2000-06-12",""
2000,"SH","Tag der Deutschen Einheit","2000-10-03",""
2000,"SH","1. Weihnachtstag","2000-12-25",""
2000,"SH","2. Weihnachtstag","2000-12-26",""
2000,"SL","Neujahrstag","2000-01-01",""
2000,"SL","Karfreitag","2000-04-21",""
2000,"SL","Ostermontag","2000-04-24",""
2000,"SL","Tag der Arbeit","2000-05-01",""
2000,"SL","Christi Himmelfahrt","2000-06-01",""
2000,"SL","Pfingstmontag","2000-06-12",""
2000,"SL","Fronleichnam","2000-06-22",""
2000,"SL","Mariä Himmelfahrt","2000-08-15",""
2000,"SL","Tag der Deutschen Einheit","2000-10-03",""
2000,"SL","Allerheiligen","2000-11-01",""
2000,"SL","1. Weihnachtstag","2000-12-25",""
2000,"SL","2. Weihnachtstag","2000-12-26",""
2000,"SN","Neujahrstag","2000-01-01",""
2000,"SN","Karfreitag","2000-04-21",""
2000,"SN","Ostermontag","2000-04-24",""
2000,"SN","Tag der Arbeit","2000-05-01",""
2000,"SN","Christi Himmelfahrt","2000-06-01",""
2000,"SN","Pfingstmontag","2000-06-12",""
2000,"SN","Fronleichnam","2000-06-22","Fronleichnam ist kein gesetzlicher Feiertag außer in folgenden katholisch geprägten Gemeinden des sorbischen Siedlungsgebietes im Landkreis Bautzen:
				Bautzen (nur in den Ortsteilen Bolbritz und Salzenforst), Crostwitz, Göda (nur im Ortsteil Prischwitz), Großdubrau (nur im Ortsteil Sdier), Hoyerswerda (nur im Ortsteil Dörgenhausen), Königswartha (nicht im Ortsteil Wartha), Nebelschütz, Neschwitz (nur in den Ortsteilen Neschwitz und Saritsch), Panschwitz-Kuckau, Puschwitz, Räckelwitz, Radibor, Ralbitz-Rosenthal und Wittichenau. Entscheidend ist dabei der Arbeitsort, nicht der Wohnort eines Arbeitnehmers.
				Die gesetzliche Grundlage für diese durch die Fronleichnamsverordnung festgelegte Regelung ergibt sich aus § 1 Abs. 1 des Sächsischen Feiertagsgesetzes.[5]"
2000,"SN","Tag der Deutschen Einheit","2000-10-03",""
2000,"SN","Reformationstag","2000-10-31",""
2000,"SN","Buß- und Bettag","2000-11-22",""
2000,"SN","1. Weihnachtstag","2000-12-25",""
2000,"SN","2. Weihnachtstag","2000-12-26",""
2000,"ST","Neujahrstag","2000-01-01",""
2000,"ST","Heilige Drei Könige","2000-01-06",""
2000,"ST","Karfreitag","2000-04-21",""
2000,"ST","Ostermontag","2000-04-24",""
2000,"ST","Tag der Arbeit","2000-05-01",""
2000,"ST","Christi Himmelfahrt","2000-06-01",""
2000,"ST","Pfingstmontag","2000-06-12",""
2000,"ST","Tag der Deutschen Einheit","2000-10-03",""
2000,"ST","Reformationstag","2000-10-31",""
2000,"ST","1. Weihnachtstag","2000-12-25",""
2000,"ST","2. Weihnachtstag","2000-12-26",""
2000,"TH","Neujahrstag","2000-01-01",""
2000,"TH","Karfreitag","2000-04-21",""
2000,"TH","Ostermontag","2000-04-24",""
2000,"TH","Tag der Arbeit","2000-05-01",""
2000,"TH","Christi Himmelfahrt","2000-06-01",""
2000,"TH","Pfingstmontag","2000-06-12",""
2000,"TH","Fronleichnam","2000-06-22","Fronleichnam ist kein gesetzlicher Feiertag außer im gesamten Landkreis Eichsfeld (79 Gemeinden am 31. Dezember 2013, Auflistung siehe dort) sowie in folgenden Gemeinden des Unstrut-Hainich-Kreises und des Wartburgkreises:
				Anrode (nur in den Ortsteilen Bickenriede und Zella), Brunnhartshausen (nur in den Ortsteilen Föhlritz und Steinberg), Buttlar, Dünwald (nur in den Ortsteilen Beberstedt und Hüpstedt), Geisa, Rodeberg (nur im Ortsteil Struth), Schleid, Südeichsfeld und Zella/Rhön.
				Die gesetzliche Grundlage für diese Regelung ergibt sich aus § 2 Abs. 2 und § 10 Abs. 1 des Thüringer Feiertagsgesetzes.[6]"
2000,"TH","Tag der Deutschen Einheit","2000-10-03",""
2000,"TH","Reformationstag","2000-10-31",""
2000,"TH","1. Weihnachtstag","2000-12-25",""
2000,"TH","2. Weihnachtstag","2000-12-26",""
2001,"BB","Neujahrstag","2001-01-01",""
2001,"BB","Karfreitag","2001-04-13",""
2001,"BB","Ostersonntag","2001-04-15",""
2001,"BB","Ostermontag","2001-04-16",""
2001,"BB","Tag der Arbeit","2001-05-01",""
2001,"BB","Christi Himmelfahrt","2001-05-24",""
2001,"BB","Pfingstsonntag","2001-06-03",""
2001,"BB","Pfingstmontag","2001-06-04",""
2001,"BB","Tag der Deutschen Einheit","2001-10-03",""
2001,"BB","Reformationstag","2001-10-31",""
2001,"BB","1. Weihnachtstag","2001-12-25",""
2001,"BB","2. Weihnachtstag","2001-12-26",""
2001,"BE","Neujahrstag","2001-01-01",""
2001,"BE","Karfreitag","2001-04-13",""
2001,"BE","Ostermontag","2001-04-16",""
2001,"BE","Tag der Arbeit","2001-05-01",""
2001,"BE","Christi Himmelfahrt","2001-05-24",""
2001,"BE","Pfingstmontag","2001-06-04",""
2001,"BE","Tag der Deutschen Einheit","2001-10-03",""
2001,"BE","1. Weihnachtstag","2001-12-25",""
2001,"BE","2. Weihnachtstag","2001-12-26",""
2001,"BW","Neujahrstag","2001-01-01",""
2001,"BW","Heilige Drei Könige","2001-01-06",""
2001,"BW","Karfreitag","2001-04-13",""
2001,"BW","Ostermontag","2001-04-16",""
2001,"BW","Tag der Arbeit","2001-05-01",""
2001,"BW","Christi Himmelfahrt","2001-05-24",""
2001,"BW","Pfingstmontag","2001-06-04",""
2001,"BW","Fronleichnam","2001-06-14",""
2001,"BW","Tag der Deutschen Einheit","2001-10-03",""
2001,"BW","Reformationstag","2001-10-31","Gemäß § 4 Abs. 3 des Feiertagsgesetzes von Baden-Württemberg[10] haben Schüler am Gründonnerstag und am Reformationstag schulfrei. In der Regel legt das Kultusministerium die Ferientermine so fest, dass diese beiden Tage in die Osterferien bzw. in die Herbstferien fallen."
2001,"BW","Allerheiligen","2001-11-01",""
2001,"BW","1. Weihnachtstag","2001-12-25",""
2001,"BW","2. Weihnachtstag","2001-12-26",""
2001,"BW","Gründonnerstag",NA,"Gemäß § 4 Abs. 3 des Feiertagsgesetzes von Baden-Württemberg[10] haben Schüler am Gründonnerstag und am Reformationstag schulfrei. In der Regel legt das Kultusministerium die Ferientermine so fest, dass diese beiden Tage in die Osterferien bzw. in die Herbstferien fallen."
2001,"BY","Neujahrstag","2001-01-01",""
2001,"BY","Heilige Drei Könige","2001-01-06",""
2001,"BY","Karfreitag","2001-04-13",""
2001,"BY","Ostermontag","2001-04-16",""
2001,"BY","Tag der Arbeit","2001-05-01",""
2001,"BY","Christi Himmelfahrt","2001-05-24",""
2001,"BY","Pfingstmontag","2001-06-04",""
2001,"BY","Fronleichnam","2001-06-14",""
2001,"BY","Augsburger Friedensfest","2001-08-08","Das Augsburger Friedensfest ist nur im Stadtgebiet Augsburg (nicht jedoch im angrenzenden Umland) gesetzlicher Feiertag (Art. 1 Abs. 2 Bayerisches Feiertagsgesetz[7])."
2001,"BY","Mariä Himmelfahrt","2001-08-15","Mariä Himmelfahrt ist in Bayern in von den derzeit 1704[8] (Zensus 2011, bis 2013: 1700) Gemeinden mit überwiegend katholischer Bevölkerung gesetzlicher Feiertag, in den restlichen 352 (Zensus 2011, bis 2013: 356) Gemeinden nicht. Gemäß Art. 1 Abs. 3 des Bayerischen Feiertagsgesetzes[7] ist es Aufgabe des Bayerischen Landesamtes für Statistik und Datenverarbeitung, festzustellen, in welchen Gemeinden Mariä Himmelfahrt gesetzlicher Feiertag ist. Die aktuelle Festlegung beruht auf dem Ergebnis der letzten in der Bundesrepublik Deutschland durchgeführten Volkszählung vom 25. Mai 1987. Gemäß Art 4. Abs. 3 des Bayerischen Feiertagsgesetzes entfällt im gesamten Bundesland zu Mariä Himmelfahrt an Schulen aller Gattungen der Unterricht. Diese Festlegung gilt ausdrücklich auch in den Teilen Bayerns, in denen dieser Tag kein gesetzlicher Feiertag ist. Eine Übersichtskarte aller Gemeinden, in denen Mariä Himmelfahrt ein Feiertag ist, kann beim Bayerischen Landesamt für Statistik und Datenverarbeitung heruntergeladen werden (Link siehe unter ""Weitere Weblinks"")."
2001,"BY","Tag der Deutschen Einheit","2001-10-03",""
2001,"BY","Allerheiligen","2001-11-01",""
2001,"BY","Buß- und Bettag","2001-11-21","Gemäß Art. 4 Nr. 3 des Bayerischen Feiertagsgesetzes[7] entfällt im gesamten Bundesland am Buß- und Bettag an allen Schulen der Unterricht."
2001,"BY","1. Weihnachtstag","2001-12-25",""
2001,"BY","2. Weihnachtstag","2001-12-26",""
2001,"HB","Neujahrstag","2001-01-01",""
2001,"HB","Karfreitag","2001-04-13",""
2001,"HB","Ostermontag","2001-04-16",""
2001,"HB","Tag der Arbeit","2001-05-01",""
2001,"HB","Christi Himmelfahrt","2001-05-24",""
2001,"HB","Pfingstmontag","2001-06-04",""
2001,"HB","Tag der Deutschen Einheit","2001-10-03",""
2001,"HB","1. Weihnachtstag","2001-12-25",""
2001,"HB","2. Weihnachtstag","2001-12-26",""
2001,"HE","Neujahrstag","2001-01-01",""
2001,"HE","Karfreitag","2001-04-13",""
2001,"HE","Ostermontag","2001-04-16",""
2001,"HE","Tag der Arbeit","2001-05-01",""
2001,"HE","Christi Himmelfahrt","2001-05-24",""
2001,"HE","Pfingstmontag","2001-06-04",""
2001,"HE","Fronleichnam","2001-06-14",""
2001,"HE","Tag der Deutschen Einheit","2001-10-03",""
2001,"HE","1. Weihnachtstag","2001-12-25",""
2001,"HE","2. Weihnachtstag","2001-12-26",""
2001,"HH","Neujahrstag","2001-01-01",""
2001,"HH","Karfreitag","2001-04-13",""
2001,"HH","Ostermontag","2001-04-16",""
2001,"HH","Tag der Arbeit","2001-05-01",""
2001,"HH","Christi Himmelfahrt","2001-05-24",""
2001,"HH","Pfingstmontag","2001-06-04",""
2001,"HH","Tag der Deutschen Einheit","2001-10-03",""
2001,"HH","1. Weihnachtstag","2001-12-25",""
2001,"HH","2. Weihnachtstag","2001-12-26",""
2001,"MV","Neujahrstag","2001-01-01",""
2001,"MV","Karfreitag","2001-04-13",""
2001,"MV","Ostermontag","2001-04-16",""
2001,"MV","Tag der Arbeit","2001-05-01",""
2001,"MV","Christi Himmelfahrt","2001-05-24",""
2001,"MV","Pfingstmontag","2001-06-04",""
2001,"MV","Tag der Deutschen Einheit","2001-10-03",""
2001,"MV","Reformationstag","2001-10-31",""
2001,"MV","1. Weihnachtstag","2001-12-25",""
2001,"MV","2. Weihnachtstag","2001-12-26",""
2001,"NI","Neujahrstag","2001-01-01",""
2001,"NI","Karfreitag","2001-04-13",""
2001,"NI","Ostermontag","2001-04-16",""
2001,"NI","Tag der Arbeit","2001-05-01",""
2001,"NI","Christi Himmelfahrt","2001-05-24",""
2001,"NI","Pfingstmontag","2001-06-04",""
2001,"NI","Tag der Deutschen Einheit","2001-10-03",""
2001,"NI","1. Weihnachtstag","2001-12-25",""
2001,"NI","2. Weihnachtstag","2001-12-26",""
2001,"NW","Neujahrstag","2001-01-01",""
2001,"NW","Karfreitag","2001-04-13",""
2001,"NW","Ostermontag","2001-04-16",""
2001,"NW","Tag der Arbeit","2001-05-01",""
2001,"NW","Christi Himmelfahrt","2001-05-24",""
2001,"NW","Pfingstmontag","2001-06-04",""
2001,"NW","Fronleichnam","2001-06-14",""
2001,"NW","Tag der Deutschen Einheit","2001-10-03",""
2001,"NW","Allerheiligen","2001-11-01",""
2001,"NW","1. Weihnachtstag","2001-12-25",""
2001,"NW","2. Weihnachtstag","2001-12-26",""
2001,"RP","Neujahrstag","2001-01-01",""
2001,"RP","Karfreitag","2001-04-13",""
2001,"RP","Ostermontag","2001-04-16",""
2001,"RP","Tag der Arbeit","2001-05-01",""
2001,"RP","Christi Himmelfahrt","2001-05-24",""
2001,"RP","Pfingstmontag","2001-06-04",""
2001,"RP","Fronleichnam","2001-06-14",""
2001,"RP","Tag der Deutschen Einheit","2001-10-03",""
2001,"RP","Allerheiligen","2001-11-01",""
2001,"RP","1. Weihnachtstag","2001-12-25",""
2001,"RP","2. Weihnachtstag","2001-12-26",""
2001,"SH","Neujahrstag","2001-01-01",""
2001,"SH","Karfreitag","2001-04-13",""
2001,"SH","Ostermontag","2001-04-16",""
2001,"SH","Tag der Arbeit","2001-05-01",""
2001,"SH","Christi Himmelfahrt","2001-05-24",""
2001,"SH","Pfingstmontag","2001-06-04",""
2001,"SH","Tag der Deutschen Einheit","2001-10-03",""
2001,"SH","1. Weihnachtstag","2001-12-25",""
2001,"SH","2. Weihnachtstag","2001-12-26",""
2001,"SL","Neujahrstag","2001-01-01",""
2001,"SL","Karfreitag","2001-04-13",""
2001,"SL","Ostermontag","2001-04-16",""
2001,"SL","Tag der Arbeit","2001-05-01",""
2001,"SL","Christi Himmelfahrt","2001-05-24",""
2001,"SL","Pfingstmontag","2001-06-04",""
2001,"SL","Fronleichnam","2001-06-14",""
2001,"SL","Mariä Himmelfahrt","2001-08-15",""
2001,"SL","Tag der Deutschen Einheit","2001-10-03",""
2001,"SL","Allerheiligen","2001-11-01",""
2001,"SL","1. Weihnachtstag","2001-12-25",""
2001,"SL","2. Weihnachtstag","2001-12-26",""
2001,"SN","Neujahrstag","2001-01-01",""
2001,"SN","Karfreitag","2001-04-13",""
2001,"SN","Ostermontag","2001-04-16",""
2001,"SN","Tag der Arbeit","2001-05-01",""
2001,"SN","Christi Himmelfahrt","2001-05-24",""
2001,"SN","Pfingstmontag","2001-06-04",""
2001,"SN","Fronleichnam","2001-06-14","Fronleichnam ist kein gesetzlicher Feiertag außer in folgenden katholisch geprägten Gemeinden des sorbischen Siedlungsgebietes im Landkreis Bautzen:
				Bautzen (nur in den Ortsteilen Bolbritz und Salzenforst), Crostwitz, Göda (nur im Ortsteil Prischwitz), Großdubrau (nur im Ortsteil Sdier), Hoyerswerda (nur im Ortsteil Dörgenhausen), Königswartha (nicht im Ortsteil Wartha), Nebelschütz, Neschwitz (nur in den Ortsteilen Neschwitz und Saritsch), Panschwitz-Kuckau, Puschwitz, Räckelwitz, Radibor, Ralbitz-Rosenthal und Wittichenau. Entscheidend ist dabei der Arbeitsort, nicht der Wohnort eines Arbeitnehmers.
				Die gesetzliche Grundlage für diese durch die Fronleichnamsverordnung festgelegte Regelung ergibt sich aus § 1 Abs. 1 des Sächsischen Feiertagsgesetzes.[5]"
2001,"SN","Tag der Deutschen Einheit","2001-10-03",""
2001,"SN","Reformationstag","2001-10-31",""
2001,"SN","Buß- und Bettag","2001-11-21",""
2001,"SN","1. Weihnachtstag","2001-12-25",""
2001,"SN","2. Weihnachtstag","2001-12-26",""
2001,"ST","Neujahrstag","2001-01-01",""
2001,"ST","Heilige Drei Könige","2001-01-06",""
2001,"ST","Karfreitag","2001-04-13",""
2001,"ST","Ostermontag","2001-04-16",""
2001,"ST","Tag der Arbeit","2001-05-01",""
2001,"ST","Christi Himmelfahrt","2001-05-24",""
2001,"ST","Pfingstmontag","2001-06-04",""
2001,"ST","Tag der Deutschen Einheit","2001-10-03",""
2001,"ST","Reformationstag","2001-10-31",""
2001,"ST","1. Weihnachtstag","2001-12-25",""
2001,"ST","2. Weihnachtstag","2001-12-26",""
2001,"TH","Neujahrstag","2001-01-01",""
2001,"TH","Karfreitag","2001-04-13",""
2001,"TH","Ostermontag","2001-04-16",""
2001,"TH","Tag der Arbeit","2001-05-01",""
2001,"TH","Christi Himmelfahrt","2001-05-24",""
2001,"TH","Pfingstmontag","2001-06-04",""
2001,"TH","Fronleichnam","2001-06-14","Fronleichnam ist kein gesetzlicher Feiertag außer im gesamten Landkreis Eichsfeld (79 Gemeinden am 31. Dezember 2013, Auflistung siehe dort) sowie in folgenden Gemeinden des Unstrut-Hainich-Kreises und des Wartburgkreises:
				Anrode (nur in den Ortsteilen Bickenriede und Zella), Brunnhartshausen (nur in den Ortsteilen Föhlritz und Steinberg), Buttlar, Dünwald (nur in den Ortsteilen Beberstedt und Hüpstedt), Geisa, Rodeberg (nur im Ortsteil Struth), Schleid, Südeichsfeld und Zella/Rhön.
				Die gesetzliche Grundlage für diese Regelung ergibt sich aus § 2 Abs. 2 und § 10 Abs. 1 des Thüringer Feiertagsgesetzes.[6]"
2001,"TH","Tag der Deutschen Einheit","2001-10-03",""
2001,"TH","Reformationstag","2001-10-31",""
2001,"TH","1. Weihnachtstag","2001-12-25",""
2001,"TH","2. Weihnachtstag","2001-12-26",""
2002,"BB","Neujahrstag","2002-01-01",""
2002,"BB","Karfreitag","2002-03-29",""
2002,"BB","Ostersonntag","2002-03-31",""
2002,"BB","Ostermontag","2002-04-01",""
2002,"BB","Tag der Arbeit","2002-05-01",""
2002,"BB","Christi Himmelfahrt","2002-05-09",""
2002,"BB","Pfingstsonntag","2002-05-19",""
2002,"BB","Pfingstmontag","2002-05-20",""
2002,"BB","Tag der Deutschen Einheit","2002-10-03",""
2002,"BB","Reformationstag","2002-10-31",""
2002,"BB","1. Weihnachtstag","2002-12-25",""
2002,"BB","2. Weihnachtstag","2002-12-26",""
2002,"BE","Neujahrstag","2002-01-01",""
2002,"BE","Karfreitag","2002-03-29",""
2002,"BE","Ostermontag","2002-04-01",""
2002,"BE","Tag der Arbeit","2002-05-01",""
2002,"BE","Christi Himmelfahrt","2002-05-09",""
2002,"BE","Pfingstmontag","2002-05-20",""
2002,"BE","Tag der Deutschen Einheit","2002-10-03",""
2002,"BE","1. Weihnachtstag","2002-12-25",""
2002,"BE","2. Weihnachtstag","2002-12-26",""
2002,"BW","Neujahrstag","2002-01-01",""
2002,"BW","Heilige Drei Könige","2002-01-06",""
2002,"BW","Karfreitag","2002-03-29",""
2002,"BW","Ostermontag","2002-04-01",""
2002,"BW","Tag der Arbeit","2002-05-01",""
2002,"BW","Christi Himmelfahrt","2002-05-09",""
2002,"BW","Pfingstmontag","2002-05-20",""
2002,"BW","Fronleichnam","2002-05-30",""
2002,"BW","Tag der Deutschen Einheit","2002-10-03",""
2002,"BW","Reformationstag","2002-10-31","Gemäß § 4 Abs. 3 des Feiertagsgesetzes von Baden-Württemberg[10] haben Schüler am Gründonnerstag und am Reformationstag schulfrei. In der Regel legt das Kultusministerium die Ferientermine so fest, dass diese beiden Tage in die Osterferien bzw. in die Herbstferien fallen."
2002,"BW","Allerheiligen","2002-11-01",""
2002,"BW","1. Weihnachtstag","2002-12-25",""
2002,"BW","2. Weihnachtstag","2002-12-26",""
2002,"BW","Gründonnerstag",NA,"Gemäß § 4 Abs. 3 des Feiertagsgesetzes von Baden-Württemberg[10] haben Schüler am Gründonnerstag und am Reformationstag schulfrei. In der Regel legt das Kultusministerium die Ferientermine so fest, dass diese beiden Tage in die Osterferien bzw. in die Herbstferien fallen."
2002,"BY","Neujahrstag","2002-01-01",""
2002,"BY","Heilige Drei Könige","2002-01-06",""
2002,"BY","Karfreitag","2002-03-29",""
2002,"BY","Ostermontag","2002-04-01",""
2002,"BY","Tag der Arbeit","2002-05-01",""
2002,"BY","Christi Himmelfahrt","2002-05-09",""
2002,"BY","Pfingstmontag","2002-05-20",""
2002,"BY","Fronleichnam","2002-05-30",""
2002,"BY","Augsburger Friedensfest","2002-08-08","Das Augsburger Friedensfest ist nur im Stadtgebiet Augsburg (nicht jedoch im angrenzenden Umland) gesetzlicher Feiertag (Art. 1 Abs. 2 Bayerisches Feiertagsgesetz[7])."
2002,"BY","Mariä Himmelfahrt","2002-08-15","Mariä Himmelfahrt ist in Bayern in von den derzeit 1704[8] (Zensus 2011, bis 2013: 1700) Gemeinden mit überwiegend katholischer Bevölkerung gesetzlicher Feiertag, in den restlichen 352 (Zensus 2011, bis 2013: 356) Gemeinden nicht. Gemäß Art. 1 Abs. 3 des Bayerischen Feiertagsgesetzes[7] ist es Aufgabe des Bayerischen Landesamtes für Statistik und Datenverarbeitung, festzustellen, in welchen Gemeinden Mariä Himmelfahrt gesetzlicher Feiertag ist. Die aktuelle Festlegung beruht auf dem Ergebnis der letzten in der Bundesrepublik Deutschland durchgeführten Volkszählung vom 25. Mai 1987. Gemäß Art 4. Abs. 3 des Bayerischen Feiertagsgesetzes entfällt im gesamten Bundesland zu Mariä Himmelfahrt an Schulen aller Gattungen der Unterricht. Diese Festlegung gilt ausdrücklich auch in den Teilen Bayerns, in denen dieser Tag kein gesetzlicher Feiertag ist. Eine Übersichtskarte aller Gemeinden, in denen Mariä Himmelfahrt ein Feiertag ist, kann beim Bayerischen Landesamt für Statistik und Datenverarbeitung heruntergeladen werden (Link siehe unter ""Weitere Weblinks"")."
2002,"BY","Tag der Deutschen Einheit","2002-10-03",""
2002,"BY","Allerheiligen","2002-11-01",""
2002,"BY","Buß- und Bettag","2002-11-20","Gemäß Art. 4 Nr. 3 des Bayerischen Feiertagsgesetzes[7] entfällt im gesamten Bundesland am Buß- und Bettag an allen Schulen der Unterricht."
2002,"BY","1. Weihnachtstag","2002-12-25",""
2002,"BY","2. Weihnachtstag","2002-12-26",""
2002,"HB","Neujahrstag","2002-01-01",""
2002,"HB","Karfreitag","2002-03-29",""
2002,"HB","Ostermontag","2002-04-01",""
2002,"HB","Tag der Arbeit","2002-05-01",""
2002,"HB","Christi Himmelfahrt","2002-05-09",""
2002,"HB","Pfingstmontag","2002-05-20",""
2002,"HB","Tag der Deutschen Einheit","2002-10-03",""
2002,"HB","1. Weihnachtstag","2002-12-25",""
2002,"HB","2. Weihnachtstag","2002-12-26",""
2002,"HE","Neujahrstag","2002-01-01",""
2002,"HE","Karfreitag","2002-03-29",""
2002,"HE","Ostermontag","2002-04-01",""
2002,"HE","Tag der Arbeit","2002-05-01",""
2002,"HE","Christi Himmelfahrt","2002-05-09",""
2002,"HE","Pfingstmontag","2002-05-20",""
2002,"HE","Fronleichnam","2002-05-30",""
2002,"HE","Tag der Deutschen Einheit","2002-10-03",""
2002,"HE","1. Weihnachtstag","2002-12-25",""
2002,"HE","2. Weihnachtstag","2002-12-26",""
2002,"HH","Neujahrstag","2002-01-01",""
2002,"HH","Karfreitag","2002-03-29",""
2002,"HH","Ostermontag","2002-04-01",""
2002,"HH","Tag der Arbeit","2002-05-01",""
2002,"HH","Christi Himmelfahrt","2002-05-09",""
2002,"HH","Pfingstmontag","2002-05-20",""
2002,"HH","Tag der Deutschen Einheit","2002-10-03",""
2002,"HH","1. Weihnachtstag","2002-12-25",""
2002,"HH","2. Weihnachtstag","2002-12-26",""
2002,"MV","Neujahrstag","2002-01-01",""
2002,"MV","Karfreitag","2002-03-29",""
2002,"MV","Ostermontag","2002-04-01",""
2002,"MV","Tag der Arbeit","2002-05-01",""
2002,"MV","Christi Himmelfahrt","2002-05-09",""
2002,"MV","Pfingstmontag","2002-05-20",""
2002,"MV","Tag der Deutschen Einheit","2002-10-03",""
2002,"MV","Reformationstag","2002-10-31",""
2002,"MV","1. Weihnachtstag","2002-12-25",""
2002,"MV","2. Weihnachtstag","2002-12-26",""
2002,"NI","Neujahrstag","2002-01-01",""
2002,"NI","Karfreitag","2002-03-29",""
2002,"NI","Ostermontag","2002-04-01",""
2002,"NI","Tag der Arbeit","2002-05-01",""
2002,"NI","Christi Himmelfahrt","2002-05-09",""
2002,"NI","Pfingstmontag","2002-05-20",""
2002,"NI","Tag der Deutschen Einheit","2002-10-03",""
2002,"NI","1. Weihnachtstag","2002-12-25",""
2002,"NI","2. Weihnachtstag","2002-12-26",""
2002,"NW","Neujahrstag","2002-01-01",""
2002,"NW","Karfreitag","2002-03-29",""
2002,"NW","Ostermontag","2002-04-01",""
2002,"NW","Tag der Arbeit","2002-05-01",""
2002,"NW","Christi Himmelfahrt","2002-05-09",""
2002,"NW","Pfingstmontag","2002-05-20",""
2002,"NW","Fronleichnam","2002-05-30",""
2002,"NW","Tag der Deutschen Einheit","2002-10-03",""
2002,"NW","Allerheiligen","2002-11-01",""
2002,"NW","1. Weihnachtstag","2002-12-25",""
2002,"NW","2. Weihnachtstag","2002-12-26",""
2002,"RP","Neujahrstag","2002-01-01",""
2002,"RP","Karfreitag","2002-03-29",""
2002,"RP","Ostermontag","2002-04-01",""
2002,"RP","Tag der Arbeit","2002-05-01",""
2002,"RP","Christi Himmelfahrt","2002-05-09",""
2002,"RP","Pfingstmontag","2002-05-20",""
2002,"RP","Fronleichnam","2002-05-30",""
2002,"RP","Tag der Deutschen Einheit","2002-10-03",""
2002,"RP","Allerheiligen","2002-11-01",""
2002,"RP","1. Weihnachtstag","2002-12-25",""
2002,"RP","2. Weihnachtstag","2002-12-26",""
2002,"SH","Neujahrstag","2002-01-01",""
2002,"SH","Karfreitag","2002-03-29",""
2002,"SH","Ostermontag","2002-04-01",""
2002,"SH","Tag der Arbeit","2002-05-01",""
2002,"SH","Christi Himmelfahrt","2002-05-09",""
2002,"SH","Pfingstmontag","2002-05-20",""
2002,"SH","Tag der Deutschen Einheit","2002-10-03",""
2002,"SH","1. Weihnachtstag","2002-12-25",""
2002,"SH","2. Weihnachtstag","2002-12-26",""
2002,"SL","Neujahrstag","2002-01-01",""
2002,"SL","Karfreitag","2002-03-29",""
2002,"SL","Ostermontag","2002-04-01",""
2002,"SL","Tag der Arbeit","2002-05-01",""
2002,"SL","Christi Himmelfahrt","2002-05-09",""
2002,"SL","Pfingstmontag","2002-05-20",""
2002,"SL","Fronleichnam","2002-05-30",""
2002,"SL","Mariä Himmelfahrt","2002-08-15",""
2002,"SL","Tag der Deutschen Einheit","2002-10-03",""
2002,"SL","Allerheiligen","2002-11-01",""
2002,"SL","1. Weihnachtstag","2002-12-25",""
2002,"SL","2. Weihnachtstag","2002-12-26",""
2002,"SN","Neujahrstag","2002-01-01",""
2002,"SN","Karfreitag","2002-03-29",""
2002,"SN","Ostermontag","2002-04-01",""
2002,"SN","Tag der Arbeit","2002-05-01",""
2002,"SN","Christi Himmelfahrt","2002-05-09",""
2002,"SN","Pfingstmontag","2002-05-20",""
2002,"SN","Fronleichnam","2002-05-30","Fronleichnam ist kein gesetzlicher Feiertag außer in folgenden katholisch geprägten Gemeinden des sorbischen Siedlungsgebietes im Landkreis Bautzen:
				Bautzen (nur in den Ortsteilen Bolbritz und Salzenforst), Crostwitz, Göda (nur im Ortsteil Prischwitz), Großdubrau (nur im Ortsteil Sdier), Hoyerswerda (nur im Ortsteil Dörgenhausen), Königswartha (nicht im Ortsteil Wartha), Nebelschütz, Neschwitz (nur in den Ortsteilen Neschwitz und Saritsch), Panschwitz-Kuckau, Puschwitz, Räckelwitz, Radibor, Ralbitz-Rosenthal und Wittichenau. Entscheidend ist dabei der Arbeitsort, nicht der Wohnort eines Arbeitnehmers.
				Die gesetzliche Grundlage für diese durch die Fronleichnamsverordnung festgelegte Regelung ergibt sich aus § 1 Abs. 1 des Sächsischen Feiertagsgesetzes.[5]"
2002,"SN","Tag der Deutschen Einheit","2002-10-03",""
2002,"SN","Reformationstag","2002-10-31",""
2002,"SN","Buß- und Bettag","2002-11-20",""
2002,"SN","1. Weihnachtstag","2002-12-25",""
2002,"SN","2. Weihnachtstag","2002-12-26",""
2002,"ST","Neujahrstag","2002-01-01",""
2002,"ST","Heilige Drei Könige","2002-01-06",""
2002,"ST","Karfreitag","2002-03-29",""
2002,"ST","Ostermontag","2002-04-01",""
2002,"ST","Tag der Arbeit","2002-05-01",""
2002,"ST","Christi Himmelfahrt","2002-05-09",""
2002,"ST","Pfingstmontag","2002-05-20",""
2002,"ST","Tag der Deutschen Einheit","2002-10-03",""
2002,"ST","Reformationstag","2002-10-31",""
2002,"ST","1. Weihnachtstag","2002-12-25",""
2002,"ST","2. Weihnachtstag","2002-12-26",""
2002,"TH","Neujahrstag","2002-01-01",""
2002,"TH","Karfreitag","2002-03-29",""
2002,"TH","Ostermontag","2002-04-01",""
2002,"TH","Tag der Arbeit","2002-05-01",""
2002,"TH","Christi Himmelfahrt","2002-05-09",""
2002,"TH","Pfingstmontag","2002-05-20",""
2002,"TH","Fronleichnam","2002-05-30","Fronleichnam ist kein gesetzlicher Feiertag außer im gesamten Landkreis Eichsfeld (79 Gemeinden am 31. Dezember 2013, Auflistung siehe dort) sowie in folgenden Gemeinden des Unstrut-Hainich-Kreises und des Wartburgkreises:
				Anrode (nur in den Ortsteilen Bickenriede und Zella), Brunnhartshausen (nur in den Ortsteilen Föhlritz und Steinberg), Buttlar, Dünwald (nur in den Ortsteilen Beberstedt und Hüpstedt), Geisa, Rodeberg (nur im Ortsteil Struth), Schleid, Südeichsfeld und Zella/Rhön.
				Die gesetzliche Grundlage für diese Regelung ergibt sich aus § 2 Abs. 2 und § 10 Abs. 1 des Thüringer Feiertagsgesetzes.[6]"
2002,"TH","Tag der Deutschen Einheit","2002-10-03",""
2002,"TH","Reformationstag","2002-10-31",""
2002,"TH","1. Weihnachtstag","2002-12-25",""
2002,"TH","2. Weihnachtstag","2002-12-26",""
2003,"BB","Neujahrstag","2003-01-01",""
2003,"BB","Karfreitag","2003-04-18",""
2003,"BB","Ostersonntag","2003-04-20",""
2003,"BB","Ostermontag","2003-04-21",""
2003,"BB","Tag der Arbeit","2003-05-01",""
2003,"BB","Christi Himmelfahrt","2003-05-29",""
2003,"BB","Pfingstsonntag","2003-06-08",""
2003,"BB","Pfingstmontag","2003-06-09",""
2003,"BB","Tag der Deutschen Einheit","2003-10-03",""
2003,"BB","Reformationstag","2003-10-31",""
2003,"BB","1. Weihnachtstag","2003-12-25",""
2003,"BB","2. Weihnachtstag","2003-12-26",""
2003,"BE","Neujahrstag","2003-01-01",""
2003,"BE","Karfreitag","2003-04-18",""
2003,"BE","Ostermontag","2003-04-21",""
2003,"BE","Tag der Arbeit","2003-05-01",""
2003,"BE","Christi Himmelfahrt","2003-05-29",""
2003,"BE","Pfingstmontag","2003-06-09",""
2003,"BE","Tag der Deutschen Einheit","2003-10-03",""
2003,"BE","1. Weihnachtstag","2003-12-25",""
2003,"BE","2. Weihnachtstag","2003-12-26",""
2003,"BW","Neujahrstag","2003-01-01",""
2003,"BW","Heilige Drei Könige","2003-01-06",""
2003,"BW","Karfreitag","2003-04-18",""
2003,"BW","Ostermontag","2003-04-21",""
2003,"BW","Tag der Arbeit","2003-05-01",""
2003,"BW","Christi Himmelfahrt","2003-05-29",""
2003,"BW","Pfingstmontag","2003-06-09",""
2003,"BW","Fronleichnam","2003-06-19",""
2003,"BW","Tag der Deutschen Einheit","2003-10-03",""
2003,"BW","Reformationstag","2003-10-31","Gemäß § 4 Abs. 3 des Feiertagsgesetzes von Baden-Württemberg[10] haben Schüler am Gründonnerstag und am Reformationstag schulfrei. In der Regel legt das Kultusministerium die Ferientermine so fest, dass diese beiden Tage in die Osterferien bzw. in die Herbstferien fallen."
2003,"BW","Allerheiligen","2003-11-01",""
2003,"BW","1. Weihnachtstag","2003-12-25",""
2003,"BW","2. Weihnachtstag","2003-12-26",""
2003,"BW","Gründonnerstag",NA,"Gemäß § 4 Abs. 3 des Feiertagsgesetzes von Baden-Württemberg[10] haben Schüler am Gründonnerstag und am Reformationstag schulfrei. In der Regel legt das Kultusministerium die Ferientermine so fest, dass diese beiden Tage in die Osterferien bzw. in die Herbstferien fallen."
2003,"BY","Neujahrstag","2003-01-01",""
2003,"BY","Heilige Drei Könige","2003-01-06",""
2003,"BY","Karfreitag","2003-04-18",""
2003,"BY","Ostermontag","2003-04-21",""
2003,"BY","Tag der Arbeit","2003-05-01",""
2003,"BY","Christi Himmelfahrt","2003-05-29",""
2003,"BY","Pfingstmontag","2003-06-09",""
2003,"BY","Fronleichnam","2003-06-19",""
2003,"BY","Augsburger Friedensfest","2003-08-08","Das Augsburger Friedensfest ist nur im Stadtgebiet Augsburg (nicht jedoch im angrenzenden Umland) gesetzlicher Feiertag (Art. 1 Abs. 2 Bayerisches Feiertagsgesetz[7])."
2003,"BY","Mariä Himmelfahrt","2003-08-15","Mariä Himmelfahrt ist in Bayern in von den derzeit 1704[8] (Zensus 2011, bis 2013: 1700) Gemeinden mit überwiegend katholischer Bevölkerung gesetzlicher Feiertag, in den restlichen 352 (Zensus 2011, bis 2013: 356) Gemeinden nicht. Gemäß Art. 1 Abs. 3 des Bayerischen Feiertagsgesetzes[7] ist es Aufgabe des Bayerischen Landesamtes für Statistik und Datenverarbeitung, festzustellen, in welchen Gemeinden Mariä Himmelfahrt gesetzlicher Feiertag ist. Die aktuelle Festlegung beruht auf dem Ergebnis der letzten in der Bundesrepublik Deutschland durchgeführten Volkszählung vom 25. Mai 1987. Gemäß Art 4. Abs. 3 des Bayerischen Feiertagsgesetzes entfällt im gesamten Bundesland zu Mariä Himmelfahrt an Schulen aller Gattungen der Unterricht. Diese Festlegung gilt ausdrücklich auch in den Teilen Bayerns, in denen dieser Tag kein gesetzlicher Feiertag ist. Eine Übersichtskarte aller Gemeinden, in denen Mariä Himmelfahrt ein Feiertag ist, kann beim Bayerischen Landesamt für Statistik und Datenverarbeitung heruntergeladen werden (Link siehe unter ""Weitere Weblinks"")."
2003,"BY","Tag der Deutschen Einheit","2003-10-03",""
2003,"BY","Allerheiligen","2003-11-01",""
2003,"BY","Buß- und Bettag","2003-11-19","Gemäß Art. 4 Nr. 3 des Bayerischen Feiertagsgesetzes[7] entfällt im gesamten Bundesland am Buß- und Bettag an allen Schulen der Unterricht."
2003,"BY","1. Weihnachtstag","2003-12-25",""
2003,"BY","2. Weihnachtstag","2003-12-26",""
2003,"HB","Neujahrstag","2003-01-01",""
2003,"HB","Karfreitag","2003-04-18",""
2003,"HB","Ostermontag","2003-04-21",""
2003,"HB","Tag der Arbeit","2003-05-01",""
2003,"HB","Christi Himmelfahrt","2003-05-29",""
2003,"HB","Pfingstmontag","2003-06-09",""
2003,"HB","Tag der Deutschen Einheit","2003-10-03",""
2003,"HB","1. Weihnachtstag","2003-12-25",""
2003,"HB","2. Weihnachtstag","2003-12-26",""
2003,"HE","Neujahrstag","2003-01-01",""
2003,"HE","Karfreitag","2003-04-18",""
2003,"HE","Ostermontag","2003-04-21",""
2003,"HE","Tag der Arbeit","2003-05-01",""
2003,"HE","Christi Himmelfahrt","2003-05-29",""
2003,"HE","Pfingstmontag","2003-06-09",""
2003,"HE","Fronleichnam","2003-06-19",""
2003,"HE","Tag der Deutschen Einheit","2003-10-03",""
2003,"HE","1. Weihnachtstag","2003-12-25",""
2003,"HE","2. Weihnachtstag","2003-12-26",""
2003,"HH","Neujahrstag","2003-01-01",""
2003,"HH","Karfreitag","2003-04-18",""
2003,"HH","Ostermontag","2003-04-21",""
2003,"HH","Tag der Arbeit","2003-05-01",""
2003,"HH","Christi Himmelfahrt","2003-05-29",""
2003,"HH","Pfingstmontag","2003-06-09",""
2003,"HH","Tag der Deutschen Einheit","2003-10-03",""
2003,"HH","1. Weihnachtstag","2003-12-25",""
2003,"HH","2. Weihnachtstag","2003-12-26",""
2003,"MV","Neujahrstag","2003-01-01",""
2003,"MV","Karfreitag","2003-04-18",""
2003,"MV","Ostermontag","2003-04-21",""
2003,"MV","Tag der Arbeit","2003-05-01",""
2003,"MV","Christi Himmelfahrt","2003-05-29",""
2003,"MV","Pfingstmontag","2003-06-09",""
2003,"MV","Tag der Deutschen Einheit","2003-10-03",""
2003,"MV","Reformationstag","2003-10-31",""
2003,"MV","1. Weihnachtstag","2003-12-25",""
2003,"MV","2. Weihnachtstag","2003-12-26",""
2003,"NI","Neujahrstag","2003-01-01",""
2003,"NI","Karfreitag","2003-04-18",""
2003,"NI","Ostermontag","2003-04-21",""
2003,"NI","Tag der Arbeit","2003-05-01",""
2003,"NI","Christi Himmelfahrt","2003-05-29",""
2003,"NI","Pfingstmontag","2003-06-09",""
2003,"NI","Tag der Deutschen Einheit","2003-10-03",""
2003,"NI","1. Weihnachtstag","2003-12-25",""
2003,"NI","2. Weihnachtstag","2003-12-26",""
2003,"NW","Neujahrstag","2003-01-01",""
2003,"NW","Karfreitag","2003-04-18",""
2003,"NW","Ostermontag","2003-04-21",""
2003,"NW","Tag der Arbeit","2003-05-01",""
2003,"NW","Christi Himmelfahrt","2003-05-29",""
2003,"NW","Pfingstmontag","2003-06-09",""
2003,"NW","Fronleichnam","2003-06-19",""
2003,"NW","Tag der Deutschen Einheit","2003-10-03",""
2003,"NW","Allerheiligen","2003-11-01",""
2003,"NW","1. Weihnachtstag","2003-12-25",""
2003,"NW","2. Weihnachtstag","2003-12-26",""
2003,"RP","Neujahrstag","2003-01-01",""
2003,"RP","Karfreitag","2003-04-18",""
2003,"RP","Ostermontag","2003-04-21",""
2003,"RP","Tag der Arbeit","2003-05-01",""
2003,"RP","Christi Himmelfahrt","2003-05-29",""
2003,"RP","Pfingstmontag","2003-06-09",""
2003,"RP","Fronleichnam","2003-06-19",""
2003,"RP","Tag der Deutschen Einheit","2003-10-03",""
2003,"RP","Allerheiligen","2003-11-01",""
2003,"RP","1. Weihnachtstag","2003-12-25",""
2003,"RP","2. Weihnachtstag","2003-12-26",""
2003,"SH","Neujahrstag","2003-01-01",""
2003,"SH","Karfreitag","2003-04-18",""
2003,"SH","Ostermontag","2003-04-21",""
2003,"SH","Tag der Arbeit","2003-05-01",""
2003,"SH","Christi Himmelfahrt","2003-05-29",""
2003,"SH","Pfingstmontag","2003-06-09",""
2003,"SH","Tag der Deutschen Einheit","2003-10-03",""
2003,"SH","1. Weihnachtstag","2003-12-25",""
2003,"SH","2. Weihnachtstag","2003-12-26",""
2003,"SL","Neujahrstag","2003-01-01",""
2003,"SL","Karfreitag","2003-04-18",""
2003,"SL","Ostermontag","2003-04-21",""
2003,"SL","Tag der Arbeit","2003-05-01",""
2003,"SL","Christi Himmelfahrt","2003-05-29",""
2003,"SL","Pfingstmontag","2003-06-09",""
2003,"SL","Fronleichnam","2003-06-19",""
2003,"SL","Mariä Himmelfahrt","2003-08-15",""
2003,"SL","Tag der Deutschen Einheit","2003-10-03",""
2003,"SL","Allerheiligen","2003-11-01",""
2003,"SL","1. Weihnachtstag","2003-12-25",""
2003,"SL","2. Weihnachtstag","2003-12-26",""
2003,"SN","Neujahrstag","2003-01-01",""
2003,"SN","Karfreitag","2003-04-18",""
2003,"SN","Ostermontag","2003-04-21",""
2003,"SN","Tag der Arbeit","2003-05-01",""
2003,"SN","Christi Himmelfahrt","2003-05-29",""
2003,"SN","Pfingstmontag","2003-06-09",""
2003,"SN","Fronleichnam","2003-06-19","Fronleichnam ist kein gesetzlicher Feiertag außer in folgenden katholisch geprägten Gemeinden des sorbischen Siedlungsgebietes im Landkreis Bautzen:
				Bautzen (nur in den Ortsteilen Bolbritz und Salzenforst), Crostwitz, Göda (nur im Ortsteil Prischwitz), Großdubrau (nur im Ortsteil Sdier), Hoyerswerda (nur im Ortsteil Dörgenhausen), Königswartha (nicht im Ortsteil Wartha), Nebelschütz, Neschwitz (nur in den Ortsteilen Neschwitz und Saritsch), Panschwitz-Kuckau, Puschwitz, Räckelwitz, Radibor, Ralbitz-Rosenthal und Wittichenau. Entscheidend ist dabei der Arbeitsort, nicht der Wohnort eines Arbeitnehmers.
				Die gesetzliche Grundlage für diese durch die Fronleichnamsverordnung festgelegte Regelung ergibt sich aus § 1 Abs. 1 des Sächsischen Feiertagsgesetzes.[5]"
2003,"SN","Tag der Deutschen Einheit","2003-10-03",""
2003,"SN","Reformationstag","2003-10-31",""
2003,"SN","Buß- und Bettag","2003-11-19",""
2003,"SN","1. Weihnachtstag","2003-12-25",""
2003,"SN","2. Weihnachtstag","2003-12-26",""
2003,"ST","Neujahrstag","2003-01-01",""
2003,"ST","Heilige Drei Könige","2003-01-06",""
2003,"ST","Karfreitag","2003-04-18",""
2003,"ST","Ostermontag","2003-04-21",""
2003,"ST","Tag der Arbeit","2003-05-01",""
2003,"ST","Christi Himmelfahrt","2003-05-29",""
2003,"ST","Pfingstmontag","2003-06-09",""
2003,"ST","Tag der Deutschen Einheit","2003-10-03",""
2003,"ST","Reformationstag","2003-10-31",""
2003,"ST","1. Weihnachtstag","2003-12-25",""
2003,"ST","2. Weihnachtstag","2003-12-26",""
2003,"TH","Neujahrstag","2003-01-01",""
2003,"TH","Karfreitag","2003-04-18",""
2003,"TH","Ostermontag","2003-04-21",""
2003,"TH","Tag der Arbeit","2003-05-01",""
2003,"TH","Christi Himmelfahrt","2003-05-29",""
2003,"TH","Pfingstmontag","2003-06-09",""
2003,"TH","Fronleichnam","2003-06-19","Fronleichnam ist kein gesetzlicher Feiertag außer im gesamten Landkreis Eichsfeld (79 Gemeinden am 31. Dezember 2013, Auflistung siehe dort) sowie in folgenden Gemeinden des Unstrut-Hainich-Kreises und des Wartburgkreises:
				Anrode (nur in den Ortsteilen Bickenriede und Zella), Brunnhartshausen (nur in den Ortsteilen Föhlritz und Steinberg), Buttlar, Dünwald (nur in den Ortsteilen Beberstedt und Hüpstedt), Geisa, Rodeberg (nur im Ortsteil Struth), Schleid, Südeichsfeld und Zella/Rhön.
				Die gesetzliche Grundlage für diese Regelung ergibt sich aus § 2 Abs. 2 und § 10 Abs. 1 des Thüringer Feiertagsgesetzes.[6]"
2003,"TH","Tag der Deutschen Einheit","2003-10-03",""
2003,"TH","Reformationstag","2003-10-31",""
2003,"TH","1. Weihnachtstag","2003-12-25",""
2003,"TH","2. Weihnachtstag","2003-12-26",""
2004,"BB","Neujahrstag","2004-01-01",""
2004,"BB","Karfreitag","2004-04-09",""
2004,"BB","Ostersonntag","2004-04-11",""
2004,"BB","Ostermontag","2004-04-12",""
2004,"BB","Tag der Arbeit","2004-05-01",""
2004,"BB","Christi Himmelfahrt","2004-05-20",""
2004,"BB","Pfingstsonntag","2004-05-30",""
2004,"BB","Pfingstmontag","2004-05-31",""
2004,"BB","Tag der Deutschen Einheit","2004-10-03",""
2004,"BB","Reformationstag","2004-10-31",""
2004,"BB","1. Weihnachtstag","2004-12-25",""
2004,"BB","2. Weihnachtstag","2004-12-26",""
2004,"BE","Neujahrstag","2004-01-01",""
2004,"BE","Karfreitag","2004-04-09",""
2004,"BE","Ostermontag","2004-04-12",""
2004,"BE","Tag der Arbeit","2004-05-01",""
2004,"BE","Christi Himmelfahrt","2004-05-20",""
2004,"BE","Pfingstmontag","2004-05-31",""
2004,"BE","Tag der Deutschen Einheit","2004-10-03",""
2004,"BE","1. Weihnachtstag","2004-12-25",""
2004,"BE","2. Weihnachtstag","2004-12-26",""
2004,"BW","Neujahrstag","2004-01-01",""
2004,"BW","Heilige Drei Könige","2004-01-06",""
2004,"BW","Karfreitag","2004-04-09",""
2004,"BW","Ostermontag","2004-04-12",""
2004,"BW","Tag der Arbeit","2004-05-01",""
2004,"BW","Christi Himmelfahrt","2004-05-20",""
2004,"BW","Pfingstmontag","2004-05-31",""
2004,"BW","Fronleichnam","2004-06-10",""
2004,"BW","Tag der Deutschen Einheit","2004-10-03",""
2004,"BW","Reformationstag","2004-10-31","Gemäß § 4 Abs. 3 des Feiertagsgesetzes von Baden-Württemberg[10] haben Schüler am Gründonnerstag und am Reformationstag schulfrei. In der Regel legt das Kultusministerium die Ferientermine so fest, dass diese beiden Tage in die Osterferien bzw. in die Herbstferien fallen."
2004,"BW","Allerheiligen","2004-11-01",""
2004,"BW","1. Weihnachtstag","2004-12-25",""
2004,"BW","2. Weihnachtstag","2004-12-26",""
2004,"BW","Gründonnerstag",NA,"Gemäß § 4 Abs. 3 des Feiertagsgesetzes von Baden-Württemberg[10] haben Schüler am Gründonnerstag und am Reformationstag schulfrei. In der Regel legt das Kultusministerium die Ferientermine so fest, dass diese beiden Tage in die Osterferien bzw. in die Herbstferien fallen."
2004,"BY","Neujahrstag","2004-01-01",""
2004,"BY","Heilige Drei Könige","2004-01-06",""
2004,"BY","Karfreitag","2004-04-09",""
2004,"BY","Ostermontag","2004-04-12",""
2004,"BY","Tag der Arbeit","2004-05-01",""
2004,"BY","Christi Himmelfahrt","2004-05-20",""
2004,"BY","Pfingstmontag","2004-05-31",""
2004,"BY","Fronleichnam","2004-06-10",""
2004,"BY","Augsburger Friedensfest","2004-08-08","Das Augsburger Friedensfest ist nur im Stadtgebiet Augsburg (nicht jedoch im angrenzenden Umland) gesetzlicher Feiertag (Art. 1 Abs. 2 Bayerisches Feiertagsgesetz[7])."
2004,"BY","Mariä Himmelfahrt","2004-08-15","Mariä Himmelfahrt ist in Bayern in von den derzeit 1704[8] (Zensus 2011, bis 2013: 1700) Gemeinden mit überwiegend katholischer Bevölkerung gesetzlicher Feiertag, in den restlichen 352 (Zensus 2011, bis 2013: 356) Gemeinden nicht. Gemäß Art. 1 Abs. 3 des Bayerischen Feiertagsgesetzes[7] ist es Aufgabe des Bayerischen Landesamtes für Statistik und Datenverarbeitung, festzustellen, in welchen Gemeinden Mariä Himmelfahrt gesetzlicher Feiertag ist. Die aktuelle Festlegung beruht auf dem Ergebnis der letzten in der Bundesrepublik Deutschland durchgeführten Volkszählung vom 25. Mai 1987. Gemäß Art 4. Abs. 3 des Bayerischen Feiertagsgesetzes entfällt im gesamten Bundesland zu Mariä Himmelfahrt an Schulen aller Gattungen der Unterricht. Diese Festlegung gilt ausdrücklich auch in den Teilen Bayerns, in denen dieser Tag kein gesetzlicher Feiertag ist. Eine Übersichtskarte aller Gemeinden, in denen Mariä Himmelfahrt ein Feiertag ist, kann beim Bayerischen Landesamt für Statistik und Datenverarbeitung heruntergeladen werden (Link siehe unter ""Weitere Weblinks"")."
2004,"BY","Tag der Deutschen Einheit","2004-10-03",""
2004,"BY","Allerheiligen","2004-11-01",""
2004,"BY","Buß- und Bettag","2004-11-17","Gemäß Art. 4 Nr. 3 des Bayerischen Feiertagsgesetzes[7] entfällt im gesamten Bundesland am Buß- und Bettag an allen Schulen der Unterricht."
2004,"BY","1. Weihnachtstag","2004-12-25",""
2004,"BY","2. Weihnachtstag","2004-12-26",""
2004,"HB","Neujahrstag","2004-01-01",""
2004,"HB","Karfreitag","2004-04-09",""
2004,"HB","Ostermontag","2004-04-12",""
2004,"HB","Tag der Arbeit","2004-05-01",""
2004,"HB","Christi Himmelfahrt","2004-05-20",""
2004,"HB","Pfingstmontag","2004-05-31",""
2004,"HB","Tag der Deutschen Einheit","2004-10-03",""
2004,"HB","1. Weihnachtstag","2004-12-25",""
2004,"HB","2. Weihnachtstag","2004-12-26",""
2004,"HE","Neujahrstag","2004-01-01",""
2004,"HE","Karfreitag","2004-04-09",""
2004,"HE","Ostermontag","2004-04-12",""
2004,"HE","Tag der Arbeit","2004-05-01",""
2004,"HE","Christi Himmelfahrt","2004-05-20",""
2004,"HE","Pfingstmontag","2004-05-31",""
2004,"HE","Fronleichnam","2004-06-10",""
2004,"HE","Tag der Deutschen Einheit","2004-10-03",""
2004,"HE","1. Weihnachtstag","2004-12-25",""
2004,"HE","2. Weihnachtstag","2004-12-26",""
2004,"HH","Neujahrstag","2004-01-01",""
2004,"HH","Karfreitag","2004-04-09",""
2004,"HH","Ostermontag","2004-04-12",""
2004,"HH","Tag der Arbeit","2004-05-01",""
2004,"HH","Christi Himmelfahrt","2004-05-20",""
2004,"HH","Pfingstmontag","2004-05-31",""
2004,"HH","Tag der Deutschen Einheit","2004-10-03",""
2004,"HH","1. Weihnachtstag","2004-12-25",""
2004,"HH","2. Weihnachtstag","2004-12-26",""
2004,"MV","Neujahrstag","2004-01-01",""
2004,"MV","Karfreitag","2004-04-09",""
2004,"MV","Ostermontag","2004-04-12",""
2004,"MV","Tag der Arbeit","2004-05-01",""
2004,"MV","Christi Himmelfahrt","2004-05-20",""
2004,"MV","Pfingstmontag","2004-05-31",""
2004,"MV","Tag der Deutschen Einheit","2004-10-03",""
2004,"MV","Reformationstag","2004-10-31",""
2004,"MV","1. Weihnachtstag","2004-12-25",""
2004,"MV","2. Weihnachtstag","2004-12-26",""
2004,"NI","Neujahrstag","2004-01-01",""
2004,"NI","Karfreitag","2004-04-09",""
2004,"NI","Ostermontag","2004-04-12",""
2004,"NI","Tag der Arbeit","2004-05-01",""
2004,"NI","Christi Himmelfahrt","2004-05-20",""
2004,"NI","Pfingstmontag","2004-05-31",""
2004,"NI","Tag der Deutschen Einheit","2004-10-03",""
2004,"NI","1. Weihnachtstag","2004-12-25",""
2004,"NI","2. Weihnachtstag","2004-12-26",""
2004,"NW","Neujahrstag","2004-01-01",""
2004,"NW","Karfreitag","2004-04-09",""
2004,"NW","Ostermontag","2004-04-12",""
2004,"NW","Tag der Arbeit","2004-05-01",""
2004,"NW","Christi Himmelfahrt","2004-05-20",""
2004,"NW","Pfingstmontag","2004-05-31",""
2004,"NW","Fronleichnam","2004-06-10",""
2004,"NW","Tag der Deutschen Einheit","2004-10-03",""
2004,"NW","Allerheiligen","2004-11-01",""
2004,"NW","1. Weihnachtstag","2004-12-25",""
2004,"NW","2. Weihnachtstag","2004-12-26",""
2004,"RP","Neujahrstag","2004-01-01",""
2004,"RP","Karfreitag","2004-04-09",""
2004,"RP","Ostermontag","2004-04-12",""
2004,"RP","Tag der Arbeit","2004-05-01",""
2004,"RP","Christi Himmelfahrt","2004-05-20",""
2004,"RP","Pfingstmontag","2004-05-31",""
2004,"RP","Fronleichnam","2004-06-10",""
2004,"RP","Tag der Deutschen Einheit","2004-10-03",""
2004,"RP","Allerheiligen","2004-11-01",""
2004,"RP","1. Weihnachtstag","2004-12-25",""
2004,"RP","2. Weihnachtstag","2004-12-26",""
2004,"SH","Neujahrstag","2004-01-01",""
2004,"SH","Karfreitag","2004-04-09",""
2004,"SH","Ostermontag","2004-04-12",""
2004,"SH","Tag der Arbeit","2004-05-01",""
2004,"SH","Christi Himmelfahrt","2004-05-20",""
2004,"SH","Pfingstmontag","2004-05-31",""
2004,"SH","Tag der Deutschen Einheit","2004-10-03",""
2004,"SH","1. Weihnachtstag","2004-12-25",""
2004,"SH","2. Weihnachtstag","2004-12-26",""
2004,"SL","Neujahrstag","2004-01-01",""
2004,"SL","Karfreitag","2004-04-09",""
2004,"SL","Ostermontag","2004-04-12",""
2004,"SL","Tag der Arbeit","2004-05-01",""
2004,"SL","Christi Himmelfahrt","2004-05-20",""
2004,"SL","Pfingstmontag","2004-05-31",""
2004,"SL","Fronleichnam","2004-06-10",""
2004,"SL","Mariä Himmelfahrt","2004-08-15",""
2004,"SL","Tag der Deutschen Einheit","2004-10-03",""
2004,"SL","Allerheiligen","2004-11-01",""
2004,"SL","1. Weihnachtstag","2004-12-25",""
2004,"SL","2. Weihnachtstag","2004-12-26",""
2004,"SN","Neujahrstag","2004-01-01",""
2004,"SN","Karfreitag","2004-04-09",""
2004,"SN","Ostermontag","2004-04-12",""
2004,"SN","Tag der Arbeit","2004-05-01",""
2004,"SN","Christi Himmelfahrt","2004-05-20",""
2004,"SN","Pfingstmontag","2004-05-31",""
2004,"SN","Fronleichnam","2004-06-10","Fronleichnam ist kein gesetzlicher Feiertag außer in folgenden katholisch geprägten Gemeinden des sorbischen Siedlungsgebietes im Landkreis Bautzen:
				Bautzen (nur in den Ortsteilen Bolbritz und Salzenforst), Crostwitz, Göda (nur im Ortsteil Prischwitz), Großdubrau (nur im Ortsteil Sdier), Hoyerswerda (nur im Ortsteil Dörgenhausen), Königswartha (nicht im Ortsteil Wartha), Nebelschütz, Neschwitz (nur in den Ortsteilen Neschwitz und Saritsch), Panschwitz-Kuckau, Puschwitz, Räckelwitz, Radibor, Ralbitz-Rosenthal und Wittichenau. Entscheidend ist dabei der Arbeitsort, nicht der Wohnort eines Arbeitnehmers.
				Die gesetzliche Grundlage für diese durch die Fronleichnamsverordnung festgelegte Regelung ergibt sich aus § 1 Abs. 1 des Sächsischen Feiertagsgesetzes.[5]"
2004,"SN","Tag der Deutschen Einheit","2004-10-03",""
2004,"SN","Reformationstag","2004-10-31",""
2004,"SN","Buß- und Bettag","2004-11-17",""
2004,"SN","1. Weihnachtstag","2004-12-25",""
2004,"SN","2. Weihnachtstag","2004-12-26",""
2004,"ST","Neujahrstag","2004-01-01",""
2004,"ST","Heilige Drei Könige","2004-01-06",""
2004,"ST","Karfreitag","2004-04-09",""
2004,"ST","Ostermontag","2004-04-12",""
2004,"ST","Tag der Arbeit","2004-05-01",""
2004,"ST","Christi Himmelfahrt","2004-05-20",""
2004,"ST","Pfingstmontag","2004-05-31",""
2004,"ST","Tag der Deutschen Einheit","2004-10-03",""
2004,"ST","Reformationstag","2004-10-31",""
2004,"ST","1. Weihnachtstag","2004-12-25",""
2004,"ST","2. Weihnachtstag","2004-12-26",""
2004,"TH","Neujahrstag","2004-01-01",""
2004,"TH","Karfreitag","2004-04-09",""
2004,"TH","Ostermontag","2004-04-12",""
2004,"TH","Tag der Arbeit","2004-05-01",""
2004,"TH","Christi Himmelfahrt","2004-05-20",""
2004,"TH","Pfingstmontag","2004-05-31",""
2004,"TH","Fronleichnam","2004-06-10","Fronleichnam ist kein gesetzlicher Feiertag außer im gesamten Landkreis Eichsfeld (79 Gemeinden am 31. Dezember 2013, Auflistung siehe dort) sowie in folgenden Gemeinden des Unstrut-Hainich-Kreises und des Wartburgkreises:
				Anrode (nur in den Ortsteilen Bickenriede und Zella), Brunnhartshausen (nur in den Ortsteilen Föhlritz und Steinberg), Buttlar, Dünwald (nur in den Ortsteilen Beberstedt und Hüpstedt), Geisa, Rodeberg (nur im Ortsteil Struth), Schleid, Südeichsfeld und Zella/Rhön.
				Die gesetzliche Grundlage für diese Regelung ergibt sich aus § 2 Abs. 2 und § 10 Abs. 1 des Thüringer Feiertagsgesetzes.[6]"
2004,"TH","Tag der Deutschen Einheit","2004-10-03",""
2004,"TH","Reformationstag","2004-10-31",""
2004,"TH","1. Weihnachtstag","2004-12-25",""
2004,"TH","2. Weihnachtstag","2004-12-26",""
2005,"BB","Neujahrstag","2005-01-01",""
2005,"BB","Karfreitag","2005-03-25",""
2005,"BB","Ostersonntag","2005-03-27",""
2005,"BB","Ostermontag","2005-03-28",""
2005,"BB","Tag der Arbeit","2005-05-01",""
2005,"BB","Christi Himmelfahrt","2005-05-05",""
2005,"BB","Pfingstsonntag","2005-05-15",""
2005,"BB","Pfingstmontag","2005-05-16",""
2005,"BB","Tag der Deutschen Einheit","2005-10-03",""
2005,"BB","Reformationstag","2005-10-31",""
2005,"BB","1. Weihnachtstag","2005-12-25",""
2005,"BB","2. Weihnachtstag","2005-12-26",""
2005,"BE","Neujahrstag","2005-01-01",""
2005,"BE","Karfreitag","2005-03-25",""
2005,"BE","Ostermontag","2005-03-28",""
2005,"BE","Tag der Arbeit","2005-05-01",""
2005,"BE","Christi Himmelfahrt","2005-05-05",""
2005,"BE","Pfingstmontag","2005-05-16",""
2005,"BE","Tag der Deutschen Einheit","2005-10-03",""
2005,"BE","1. Weihnachtstag","2005-12-25",""
2005,"BE","2. Weihnachtstag","2005-12-26",""
2005,"BW","Neujahrstag","2005-01-01",""
2005,"BW","Heilige Drei Könige","2005-01-06",""
2005,"BW","Karfreitag","2005-03-25",""
2005,"BW","Ostermontag","2005-03-28",""
2005,"BW","Tag der Arbeit","2005-05-01",""
2005,"BW","Christi Himmelfahrt","2005-05-05",""
2005,"BW","Pfingstmontag","2005-05-16",""
2005,"BW","Fronleichnam","2005-05-26",""
2005,"BW","Tag der Deutschen Einheit","2005-10-03",""
2005,"BW","Reformationstag","2005-10-31","Gemäß § 4 Abs. 3 des Feiertagsgesetzes von Baden-Württemberg[10] haben Schüler am Gründonnerstag und am Reformationstag schulfrei. In der Regel legt das Kultusministerium die Ferientermine so fest, dass diese beiden Tage in die Osterferien bzw. in die Herbstferien fallen."
2005,"BW","Allerheiligen","2005-11-01",""
2005,"BW","1. Weihnachtstag","2005-12-25",""
2005,"BW","2. Weihnachtstag","2005-12-26",""
2005,"BW","Gründonnerstag",NA,"Gemäß § 4 Abs. 3 des Feiertagsgesetzes von Baden-Württemberg[10] haben Schüler am Gründonnerstag und am Reformationstag schulfrei. In der Regel legt das Kultusministerium die Ferientermine so fest, dass diese beiden Tage in die Osterferien bzw. in die Herbstferien fallen."
2005,"BY","Neujahrstag","2005-01-01",""
2005,"BY","Heilige Drei Könige","2005-01-06",""
2005,"BY","Karfreitag","2005-03-25",""
2005,"BY","Ostermontag","2005-03-28",""
2005,"BY","Tag der Arbeit","2005-05-01",""
2005,"BY","Christi Himmelfahrt","2005-05-05",""
2005,"BY","Pfingstmontag","2005-05-16",""
2005,"BY","Fronleichnam","2005-05-26",""
2005,"BY","Augsburger Friedensfest","2005-08-08","Das Augsburger Friedensfest ist nur im Stadtgebiet Augsburg (nicht jedoch im angrenzenden Umland) gesetzlicher Feiertag (Art. 1 Abs. 2 Bayerisches Feiertagsgesetz[7])."
2005,"BY","Mariä Himmelfahrt","2005-08-15","Mariä Himmelfahrt ist in Bayern in von den derzeit 1704[8] (Zensus 2011, bis 2013: 1700) Gemeinden mit überwiegend katholischer Bevölkerung gesetzlicher Feiertag, in den restlichen 352 (Zensus 2011, bis 2013: 356) Gemeinden nicht. Gemäß Art. 1 Abs. 3 des Bayerischen Feiertagsgesetzes[7] ist es Aufgabe des Bayerischen Landesamtes für Statistik und Datenverarbeitung, festzustellen, in welchen Gemeinden Mariä Himmelfahrt gesetzlicher Feiertag ist. Die aktuelle Festlegung beruht auf dem Ergebnis der letzten in der Bundesrepublik Deutschland durchgeführten Volkszählung vom 25. Mai 1987. Gemäß Art 4. Abs. 3 des Bayerischen Feiertagsgesetzes entfällt im gesamten Bundesland zu Mariä Himmelfahrt an Schulen aller Gattungen der Unterricht. Diese Festlegung gilt ausdrücklich auch in den Teilen Bayerns, in denen dieser Tag kein gesetzlicher Feiertag ist. Eine Übersichtskarte aller Gemeinden, in denen Mariä Himmelfahrt ein Feiertag ist, kann beim Bayerischen Landesamt für Statistik und Datenverarbeitung heruntergeladen werden (Link siehe unter ""Weitere Weblinks"")."
2005,"BY","Tag der Deutschen Einheit","2005-10-03",""
2005,"BY","Allerheiligen","2005-11-01",""
2005,"BY","Buß- und Bettag","2005-11-16","Gemäß Art. 4 Nr. 3 des Bayerischen Feiertagsgesetzes[7] entfällt im gesamten Bundesland am Buß- und Bettag an allen Schulen der Unterricht."
2005,"BY","1. Weihnachtstag","2005-12-25",""
2005,"BY","2. Weihnachtstag","2005-12-26",""
2005,"HB","Neujahrstag","2005-01-01",""
2005,"HB","Karfreitag","2005-03-25",""
2005,"HB","Ostermontag","2005-03-28",""
2005,"HB","Tag der Arbeit","2005-05-01",""
2005,"HB","Christi Himmelfahrt","2005-05-05",""
2005,"HB","Pfingstmontag","2005-05-16",""
2005,"HB","Tag der Deutschen Einheit","2005-10-03",""
2005,"HB","1. Weihnachtstag","2005-12-25",""
2005,"HB","2. Weihnachtstag","2005-12-26",""
2005,"HE","Neujahrstag","2005-01-01",""
2005,"HE","Karfreitag","2005-03-25",""
2005,"HE","Ostermontag","2005-03-28",""
2005,"HE","Tag der Arbeit","2005-05-01",""
2005,"HE","Christi Himmelfahrt","2005-05-05",""
2005,"HE","Pfingstmontag","2005-05-16",""
2005,"HE","Fronleichnam","2005-05-26",""
2005,"HE","Tag der Deutschen Einheit","2005-10-03",""
2005,"HE","1. Weihnachtstag","2005-12-25",""
2005,"HE","2. Weihnachtstag","2005-12-26",""
2005,"HH","Neujahrstag","2005-01-01",""
2005,"HH","Karfreitag","2005-03-25",""
2005,"HH","Ostermontag","2005-03-28",""
2005,"HH","Tag der Arbeit","2005-05-01",""
2005,"HH","Christi Himmelfahrt","2005-05-05",""
2005,"HH","Pfingstmontag","2005-05-16",""
2005,"HH","Tag der Deutschen Einheit","2005-10-03",""
2005,"HH","1. Weihnachtstag","2005-12-25",""
2005,"HH","2. Weihnachtstag","2005-12-26",""
2005,"MV","Neujahrstag","2005-01-01",""
2005,"MV","Karfreitag","2005-03-25",""
2005,"MV","Ostermontag","2005-03-28",""
2005,"MV","Tag der Arbeit","2005-05-01",""
2005,"MV","Christi Himmelfahrt","2005-05-05",""
2005,"MV","Pfingstmontag","2005-05-16",""
2005,"MV","Tag der Deutschen Einheit","2005-10-03",""
2005,"MV","Reformationstag","2005-10-31",""
2005,"MV","1. Weihnachtstag","2005-12-25",""
2005,"MV","2. Weihnachtstag","2005-12-26",""
2005,"NI","Neujahrstag","2005-01-01",""
2005,"NI","Karfreitag","2005-03-25",""
2005,"NI","Ostermontag","2005-03-28",""
2005,"NI","Tag der Arbeit","2005-05-01",""
2005,"NI","Christi Himmelfahrt","2005-05-05",""
2005,"NI","Pfingstmontag","2005-05-16",""
2005,"NI","Tag der Deutschen Einheit","2005-10-03",""
2005,"NI","1. Weihnachtstag","2005-12-25",""
2005,"NI","2. Weihnachtstag","2005-12-26",""
2005,"NW","Neujahrstag","2005-01-01",""
2005,"NW","Karfreitag","2005-03-25",""
2005,"NW","Ostermontag","2005-03-28",""
2005,"NW","Tag der Arbeit","2005-05-01",""
2005,"NW","Christi Himmelfahrt","2005-05-05",""
2005,"NW","Pfingstmontag","2005-05-16",""
2005,"NW","Fronleichnam","2005-05-26",""
2005,"NW","Tag der Deutschen Einheit","2005-10-03",""
2005,"NW","Allerheiligen","2005-11-01",""
2005,"NW","1. Weihnachtstag","2005-12-25",""
2005,"NW","2. Weihnachtstag","2005-12-26",""
2005,"RP","Neujahrstag","2005-01-01",""
2005,"RP","Karfreitag","2005-03-25",""
2005,"RP","Ostermontag","2005-03-28",""
2005,"RP","Tag der Arbeit","2005-05-01",""
2005,"RP","Christi Himmelfahrt","2005-05-05",""
2005,"RP","Pfingstmontag","2005-05-16",""
2005,"RP","Fronleichnam","2005-05-26",""
2005,"RP","Tag der Deutschen Einheit","2005-10-03",""
2005,"RP","Allerheiligen","2005-11-01",""
2005,"RP","1. Weihnachtstag","2005-12-25",""
2005,"RP","2. Weihnachtstag","2005-12-26",""
2005,"SH","Neujahrstag","2005-01-01",""
2005,"SH","Karfreitag","2005-03-25",""
2005,"SH","Ostermontag","2005-03-28",""
2005,"SH","Tag der Arbeit","2005-05-01",""
2005,"SH","Christi Himmelfahrt","2005-05-05",""
2005,"SH","Pfingstmontag","2005-05-16",""
2005,"SH","Tag der Deutschen Einheit","2005-10-03",""
2005,"SH","1. Weihnachtstag","2005-12-25",""
2005,"SH","2. Weihnachtstag","2005-12-26",""
2005,"SL","Neujahrstag","2005-01-01",""
2005,"SL","Karfreitag","2005-03-25",""
2005,"SL","Ostermontag","2005-03-28",""
2005,"SL","Tag der Arbeit","2005-05-01",""
2005,"SL","Christi Himmelfahrt","2005-05-05",""
2005,"SL","Pfingstmontag","2005-05-16",""
2005,"SL","Fronleichnam","2005-05-26",""
2005,"SL","Mariä Himmelfahrt","2005-08-15",""
2005,"SL","Tag der Deutschen Einheit","2005-10-03",""
2005,"SL","Allerheiligen","2005-11-01",""
2005,"SL","1. Weihnachtstag","2005-12-25",""
2005,"SL","2. Weihnachtstag","2005-12-26",""
2005,"SN","Neujahrstag","2005-01-01",""
2005,"SN","Karfreitag","2005-03-25",""
2005,"SN","Ostermontag","2005-03-28",""
2005,"SN","Tag der Arbeit","2005-05-01",""
2005,"SN","Christi Himmelfahrt","2005-05-05",""
2005,"SN","Pfingstmontag","2005-05-16",""
2005,"SN","Fronleichnam","2005-05-26","Fronleichnam ist kein gesetzlicher Feiertag außer in folgenden katholisch geprägten Gemeinden des sorbischen Siedlungsgebietes im Landkreis Bautzen:
				Bautzen (nur in den Ortsteilen Bolbritz und Salzenforst), Crostwitz, Göda (nur im Ortsteil Prischwitz), Großdubrau (nur im Ortsteil Sdier), Hoyerswerda (nur im Ortsteil Dörgenhausen), Königswartha (nicht im Ortsteil Wartha), Nebelschütz, Neschwitz (nur in den Ortsteilen Neschwitz und Saritsch), Panschwitz-Kuckau, Puschwitz, Räckelwitz, Radibor, Ralbitz-Rosenthal und Wittichenau. Entscheidend ist dabei der Arbeitsort, nicht der Wohnort eines Arbeitnehmers.
				Die gesetzliche Grundlage für diese durch die Fronleichnamsverordnung festgelegte Regelung ergibt sich aus § 1 Abs. 1 des Sächsischen Feiertagsgesetzes.[5]"
2005,"SN","Tag der Deutschen Einheit","2005-10-03",""
2005,"SN","Reformationstag","2005-10-31",""
2005,"SN","Buß- und Bettag","2005-11-16",""
2005,"SN","1. Weihnachtstag","2005-12-25",""
2005,"SN","2. Weihnachtstag","2005-12-26",""
2005,"ST","Neujahrstag","2005-01-01",""
2005,"ST","Heilige Drei Könige","2005-01-06",""
2005,"ST","Karfreitag","2005-03-25",""
2005,"ST","Ostermontag","2005-03-28",""
2005,"ST","Tag der Arbeit","2005-05-01",""
2005,"ST","Christi Himmelfahrt","2005-05-05",""
2005,"ST","Pfingstmontag","2005-05-16",""
2005,"ST","Tag der Deutschen Einheit","2005-10-03",""
2005,"ST","Reformationstag","2005-10-31",""
2005,"ST","1. Weihnachtstag","2005-12-25",""
2005,"ST","2. Weihnachtstag","2005-12-26",""
2005,"TH","Neujahrstag","2005-01-01",""
2005,"TH","Karfreitag","2005-03-25",""
2005,"TH","Ostermontag","2005-03-28",""
2005,"TH","Tag der Arbeit","2005-05-01",""
2005,"TH","Christi Himmelfahrt","2005-05-05",""
2005,"TH","Pfingstmontag","2005-05-16",""
2005,"TH","Fronleichnam","2005-05-26","Fronleichnam ist kein gesetzlicher Feiertag außer im gesamten Landkreis Eichsfeld (79 Gemeinden am 31. Dezember 2013, Auflistung siehe dort) sowie in folgenden Gemeinden des Unstrut-Hainich-Kreises und des Wartburgkreises:
				Anrode (nur in den Ortsteilen Bickenriede und Zella), Brunnhartshausen (nur in den Ortsteilen Föhlritz und Steinberg), Buttlar, Dünwald (nur in den Ortsteilen Beberstedt und Hüpstedt), Geisa, Rodeberg (nur im Ortsteil Struth), Schleid, Südeichsfeld und Zella/Rhön.
				Die gesetzliche Grundlage für diese Regelung ergibt sich aus § 2 Abs. 2 und § 10 Abs. 1 des Thüringer Feiertagsgesetzes.[6]"
2005,"TH","Tag der Deutschen Einheit","2005-10-03",""
2005,"TH","Reformationstag","2005-10-31",""
2005,"TH","1. Weihnachtstag","2005-12-25",""
2005,"TH","2. Weihnachtstag","2005-12-26",""
2006,"BB","Neujahrstag","2006-01-01",""
2006,"BB","Karfreitag","2006-04-14",""
2006,"BB","Ostersonntag","2006-04-16",""
2006,"BB","Ostermontag","2006-04-17",""
2006,"BB","Tag der Arbeit","2006-05-01",""
2006,"BB","Christi Himmelfahrt","2006-05-25",""
2006,"BB","Pfingstsonntag","2006-06-04",""
2006,"BB","Pfingstmontag","2006-06-05",""
2006,"BB","Tag der Deutschen Einheit","2006-10-03",""
2006,"BB","Reformationstag","2006-10-31",""
2006,"BB","1. Weihnachtstag","2006-12-25",""
2006,"BB","2. Weihnachtstag","2006-12-26",""
2006,"BE","Neujahrstag","2006-01-01",""
2006,"BE","Karfreitag","2006-04-14",""
2006,"BE","Ostermontag","2006-04-17",""
2006,"BE","Tag der Arbeit","2006-05-01",""
2006,"BE","Christi Himmelfahrt","2006-05-25",""
2006,"BE","Pfingstmontag","2006-06-05",""
2006,"BE","Tag der Deutschen Einheit","2006-10-03",""
2006,"BE","1. Weihnachtstag","2006-12-25",""
2006,"BE","2. Weihnachtstag","2006-12-26",""
2006,"BW","Neujahrstag","2006-01-01",""
2006,"BW","Heilige Drei Könige","2006-01-06",""
2006,"BW","Karfreitag","2006-04-14",""
2006,"BW","Ostermontag","2006-04-17",""
2006,"BW","Tag der Arbeit","2006-05-01",""
2006,"BW","Christi Himmelfahrt","2006-05-25",""
2006,"BW","Pfingstmontag","2006-06-05",""
2006,"BW","Fronleichnam","2006-06-15",""
2006,"BW","Tag der Deutschen Einheit","2006-10-03",""
2006,"BW","Reformationstag","2006-10-31","Gemäß § 4 Abs. 3 des Feiertagsgesetzes von Baden-Württemberg[10] haben Schüler am Gründonnerstag und am Reformationstag schulfrei. In der Regel legt das Kultusministerium die Ferientermine so fest, dass diese beiden Tage in die Osterferien bzw. in die Herbstferien fallen."
2006,"BW","Allerheiligen","2006-11-01",""
2006,"BW","1. Weihnachtstag","2006-12-25",""
2006,"BW","2. Weihnachtstag","2006-12-26",""
2006,"BW","Gründonnerstag",NA,"Gemäß § 4 Abs. 3 des Feiertagsgesetzes von Baden-Württemberg[10] haben Schüler am Gründonnerstag und am Reformationstag schulfrei. In der Regel legt das Kultusministerium die Ferientermine so fest, dass diese beiden Tage in die Osterferien bzw. in die Herbstferien fallen."
2006,"BY","Neujahrstag","2006-01-01",""
2006,"BY","Heilige Drei Könige","2006-01-06",""
2006,"BY","Karfreitag","2006-04-14",""
2006,"BY","Ostermontag","2006-04-17",""
2006,"BY","Tag der Arbeit","2006-05-01",""
2006,"BY","Christi Himmelfahrt","2006-05-25",""
2006,"BY","Pfingstmontag","2006-06-05",""
2006,"BY","Fronleichnam","2006-06-15",""
2006,"BY","Augsburger Friedensfest","2006-08-08","Das Augsburger Friedensfest ist nur im Stadtgebiet Augsburg (nicht jedoch im angrenzenden Umland) gesetzlicher Feiertag (Art. 1 Abs. 2 Bayerisches Feiertagsgesetz[7])."
2006,"BY","Mariä Himmelfahrt","2006-08-15","Mariä Himmelfahrt ist in Bayern in von den derzeit 1704[8] (Zensus 2011, bis 2013: 1700) Gemeinden mit überwiegend katholischer Bevölkerung gesetzlicher Feiertag, in den restlichen 352 (Zensus 2011, bis 2013: 356) Gemeinden nicht. Gemäß Art. 1 Abs. 3 des Bayerischen Feiertagsgesetzes[7] ist es Aufgabe des Bayerischen Landesamtes für Statistik und Datenverarbeitung, festzustellen, in welchen Gemeinden Mariä Himmelfahrt gesetzlicher Feiertag ist. Die aktuelle Festlegung beruht auf dem Ergebnis der letzten in der Bundesrepublik Deutschland durchgeführten Volkszählung vom 25. Mai 1987. Gemäß Art 4. Abs. 3 des Bayerischen Feiertagsgesetzes entfällt im gesamten Bundesland zu Mariä Himmelfahrt an Schulen aller Gattungen der Unterricht. Diese Festlegung gilt ausdrücklich auch in den Teilen Bayerns, in denen dieser Tag kein gesetzlicher Feiertag ist. Eine Übersichtskarte aller Gemeinden, in denen Mariä Himmelfahrt ein Feiertag ist, kann beim Bayerischen Landesamt für Statistik und Datenverarbeitung heruntergeladen werden (Link siehe unter ""Weitere Weblinks"")."
2006,"BY","Tag der Deutschen Einheit","2006-10-03",""
2006,"BY","Allerheiligen","2006-11-01",""
2006,"BY","Buß- und Bettag","2006-11-22","Gemäß Art. 4 Nr. 3 des Bayerischen Feiertagsgesetzes[7] entfällt im gesamten Bundesland am Buß- und Bettag an allen Schulen der Unterricht."
2006,"BY","1. Weihnachtstag","2006-12-25",""
2006,"BY","2. Weihnachtstag","2006-12-26",""
2006,"HB","Neujahrstag","2006-01-01",""
2006,"HB","Karfreitag","2006-04-14",""
2006,"HB","Ostermontag","2006-04-17",""
2006,"HB","Tag der Arbeit","2006-05-01",""
2006,"HB","Christi Himmelfahrt","2006-05-25",""
2006,"HB","Pfingstmontag","2006-06-05",""
2006,"HB","Tag der Deutschen Einheit","2006-10-03",""
2006,"HB","1. Weihnachtstag","2006-12-25",""
2006,"HB","2. Weihnachtstag","2006-12-26",""
2006,"HE","Neujahrstag","2006-01-01",""
2006,"HE","Karfreitag","2006-04-14",""
2006,"HE","Ostermontag","2006-04-17",""
2006,"HE","Tag der Arbeit","2006-05-01",""
2006,"HE","Christi Himmelfahrt","2006-05-25",""
2006,"HE","Pfingstmontag","2006-06-05",""
2006,"HE","Fronleichnam","2006-06-15",""
2006,"HE","Tag der Deutschen Einheit","2006-10-03",""
2006,"HE","1. Weihnachtstag","2006-12-25",""
2006,"HE","2. Weihnachtstag","2006-12-26",""
2006,"HH","Neujahrstag","2006-01-01",""
2006,"HH","Karfreitag","2006-04-14",""
2006,"HH","Ostermontag","2006-04-17",""
2006,"HH","Tag der Arbeit","2006-05-01",""
2006,"HH","Christi Himmelfahrt","2006-05-25",""
2006,"HH","Pfingstmontag","2006-06-05",""
2006,"HH","Tag der Deutschen Einheit","2006-10-03",""
2006,"HH","1. Weihnachtstag","2006-12-25",""
2006,"HH","2. Weihnachtstag","2006-12-26",""
2006,"MV","Neujahrstag","2006-01-01",""
2006,"MV","Karfreitag","2006-04-14",""
2006,"MV","Ostermontag","2006-04-17",""
2006,"MV","Tag der Arbeit","2006-05-01",""
2006,"MV","Christi Himmelfahrt","2006-05-25",""
2006,"MV","Pfingstmontag","2006-06-05",""
2006,"MV","Tag der Deutschen Einheit","2006-10-03",""
2006,"MV","Reformationstag","2006-10-31",""
2006,"MV","1. Weihnachtstag","2006-12-25",""
2006,"MV","2. Weihnachtstag","2006-12-26",""
2006,"NI","Neujahrstag","2006-01-01",""
2006,"NI","Karfreitag","2006-04-14",""
2006,"NI","Ostermontag","2006-04-17",""
2006,"NI","Tag der Arbeit","2006-05-01",""
2006,"NI","Christi Himmelfahrt","2006-05-25",""
2006,"NI","Pfingstmontag","2006-06-05",""
2006,"NI","Tag der Deutschen Einheit","2006-10-03",""
2006,"NI","1. Weihnachtstag","2006-12-25",""
2006,"NI","2. Weihnachtstag","2006-12-26",""
2006,"NW","Neujahrstag","2006-01-01",""
2006,"NW","Karfreitag","2006-04-14",""
2006,"NW","Ostermontag","2006-04-17",""
2006,"NW","Tag der Arbeit","2006-05-01",""
2006,"NW","Christi Himmelfahrt","2006-05-25",""
2006,"NW","Pfingstmontag","2006-06-05",""
2006,"NW","Fronleichnam","2006-06-15",""
2006,"NW","Tag der Deutschen Einheit","2006-10-03",""
2006,"NW","Allerheiligen","2006-11-01",""
2006,"NW","1. Weihnachtstag","2006-12-25",""
2006,"NW","2. Weihnachtstag","2006-12-26",""
2006,"RP","Neujahrstag","2006-01-01",""
2006,"RP","Karfreitag","2006-04-14",""
2006,"RP","Ostermontag","2006-04-17",""
2006,"RP","Tag der Arbeit","2006-05-01",""
2006,"RP","Christi Himmelfahrt","2006-05-25",""
2006,"RP","Pfingstmontag","2006-06-05",""
2006,"RP","Fronleichnam","2006-06-15",""
2006,"RP","Tag der Deutschen Einheit","2006-10-03",""
2006,"RP","Allerheiligen","2006-11-01",""
2006,"RP","1. Weihnachtstag","2006-12-25",""
2006,"RP","2. Weihnachtstag","2006-12-26",""
2006,"SH","Neujahrstag","2006-01-01",""
2006,"SH","Karfreitag","2006-04-14",""
2006,"SH","Ostermontag","2006-04-17",""
2006,"SH","Tag der Arbeit","2006-05-01",""
2006,"SH","Christi Himmelfahrt","2006-05-25",""
2006,"SH","Pfingstmontag","2006-06-05",""
2006,"SH","Tag der Deutschen Einheit","2006-10-03",""
2006,"SH","1. Weihnachtstag","2006-12-25",""
2006,"SH","2. Weihnachtstag","2006-12-26",""
2006,"SL","Neujahrstag","2006-01-01",""
2006,"SL","Karfreitag","2006-04-14",""
2006,"SL","Ostermontag","2006-04-17",""
2006,"SL","Tag der Arbeit","2006-05-01",""
2006,"SL","Christi Himmelfahrt","2006-05-25",""
2006,"SL","Pfingstmontag","2006-06-05",""
2006,"SL","Fronleichnam","2006-06-15",""
2006,"SL","Mariä Himmelfahrt","2006-08-15",""
2006,"SL","Tag der Deutschen Einheit","2006-10-03",""
2006,"SL","Allerheiligen","2006-11-01",""
2006,"SL","1. Weihnachtstag","2006-12-25",""
2006,"SL","2. Weihnachtstag","2006-12-26",""
2006,"SN","Neujahrstag","2006-01-01",""
2006,"SN","Karfreitag","2006-04-14",""
2006,"SN","Ostermontag","2006-04-17",""
2006,"SN","Tag der Arbeit","2006-05-01",""
2006,"SN","Christi Himmelfahrt","2006-05-25",""
2006,"SN","Pfingstmontag","2006-06-05",""
2006,"SN","Fronleichnam","2006-06-15","Fronleichnam ist kein gesetzlicher Feiertag außer in folgenden katholisch geprägten Gemeinden des sorbischen Siedlungsgebietes im Landkreis Bautzen:
				Bautzen (nur in den Ortsteilen Bolbritz und Salzenforst), Crostwitz, Göda (nur im Ortsteil Prischwitz), Großdubrau (nur im Ortsteil Sdier), Hoyerswerda (nur im Ortsteil Dörgenhausen), Königswartha (nicht im Ortsteil Wartha), Nebelschütz, Neschwitz (nur in den Ortsteilen Neschwitz und Saritsch), Panschwitz-Kuckau, Puschwitz, Räckelwitz, Radibor, Ralbitz-Rosenthal und Wittichenau. Entscheidend ist dabei der Arbeitsort, nicht der Wohnort eines Arbeitnehmers.
				Die gesetzliche Grundlage für diese durch die Fronleichnamsverordnung festgelegte Regelung ergibt sich aus § 1 Abs. 1 des Sächsischen Feiertagsgesetzes.[5]"
2006,"SN","Tag der Deutschen Einheit","2006-10-03",""
2006,"SN","Reformationstag","2006-10-31",""
2006,"SN","Buß- und Bettag","2006-11-22",""
2006,"SN","1. Weihnachtstag","2006-12-25",""
2006,"SN","2. Weihnachtstag","2006-12-26",""
2006,"ST","Neujahrstag","2006-01-01",""
2006,"ST","Heilige Drei Könige","2006-01-06",""
2006,"ST","Karfreitag","2006-04-14",""
2006,"ST","Ostermontag","2006-04-17",""
2006,"ST","Tag der Arbeit","2006-05-01",""
2006,"ST","Christi Himmelfahrt","2006-05-25",""
2006,"ST","Pfingstmontag","2006-06-05",""
2006,"ST","Tag der Deutschen Einheit","2006-10-03",""
2006,"ST","Reformationstag","2006-10-31",""
2006,"ST","1. Weihnachtstag","2006-12-25",""
2006,"ST","2. Weihnachtstag","2006-12-26",""
2006,"TH","Neujahrstag","2006-01-01",""
2006,"TH","Karfreitag","2006-04-14",""
2006,"TH","Ostermontag","2006-04-17",""
2006,"TH","Tag der Arbeit","2006-05-01",""
2006,"TH","Christi Himmelfahrt","2006-05-25",""
2006,"TH","Pfingstmontag","2006-06-05",""
2006,"TH","Fronleichnam","2006-06-15","Fronleichnam ist kein gesetzlicher Feiertag außer im gesamten Landkreis Eichsfeld (79 Gemeinden am 31. Dezember 2013, Auflistung siehe dort) sowie in folgenden Gemeinden des Unstrut-Hainich-Kreises und des Wartburgkreises:
				Anrode (nur in den Ortsteilen Bickenriede und Zella), Brunnhartshausen (nur in den Ortsteilen Föhlritz und Steinberg), Buttlar, Dünwald (nur in den Ortsteilen Beberstedt und Hüpstedt), Geisa, Rodeberg (nur im Ortsteil Struth), Schleid, Südeichsfeld und Zella/Rhön.
				Die gesetzliche Grundlage für diese Regelung ergibt sich aus § 2 Abs. 2 und § 10 Abs. 1 des Thüringer Feiertagsgesetzes.[6]"
2006,"TH","Tag der Deutschen Einheit","2006-10-03",""
2006,"TH","Reformationstag","2006-10-31",""
2006,"TH","1. Weihnachtstag","2006-12-25",""
2006,"TH","2. Weihnachtstag","2006-12-26",""
2007,"BB","Neujahrstag","2007-01-01",""
2007,"BB","Karfreitag","2007-04-06",""
2007,"BB","Ostersonntag","2007-04-08",""
2007,"BB","Ostermontag","2007-04-09",""
2007,"BB","Tag der Arbeit","2007-05-01",""
2007,"BB","Christi Himmelfahrt","2007-05-17",""
2007,"BB","Pfingstsonntag","2007-05-27",""
2007,"BB","Pfingstmontag","2007-05-28",""
2007,"BB","Tag der Deutschen Einheit","2007-10-03",""
2007,"BB","Reformationstag","2007-10-31",""
2007,"BB","1. Weihnachtstag","2007-12-25",""
2007,"BB","2. Weihnachtstag","2007-12-26",""
2007,"BE","Neujahrstag","2007-01-01",""
2007,"BE","Karfreitag","2007-04-06",""
2007,"BE","Ostermontag","2007-04-09",""
2007,"BE","Tag der Arbeit","2007-05-01",""
2007,"BE","Christi Himmelfahrt","2007-05-17",""
2007,"BE","Pfingstmontag","2007-05-28",""
2007,"BE","Tag der Deutschen Einheit","2007-10-03",""
2007,"BE","1. Weihnachtstag","2007-12-25",""
2007,"BE","2. Weihnachtstag","2007-12-26",""
2007,"BW","Neujahrstag","2007-01-01",""
2007,"BW","Heilige Drei Könige","2007-01-06",""
2007,"BW","Karfreitag","2007-04-06",""
2007,"BW","Ostermontag","2007-04-09",""
2007,"BW","Tag der Arbeit","2007-05-01",""
2007,"BW","Christi Himmelfahrt","2007-05-17",""
2007,"BW","Pfingstmontag","2007-05-28",""
2007,"BW","Fronleichnam","2007-06-07",""
2007,"BW","Tag der Deutschen Einheit","2007-10-03",""
2007,"BW","Reformationstag","2007-10-31","Gemäß § 4 Abs. 3 des Feiertagsgesetzes von Baden-Württemberg[10] haben Schüler am Gründonnerstag und am Reformationstag schulfrei. In der Regel legt das Kultusministerium die Ferientermine so fest, dass diese beiden Tage in die Osterferien bzw. in die Herbstferien fallen."
2007,"BW","Allerheiligen","2007-11-01",""
2007,"BW","1. Weihnachtstag","2007-12-25",""
2007,"BW","2. Weihnachtstag","2007-12-26",""
2007,"BW","Gründonnerstag",NA,"Gemäß § 4 Abs. 3 des Feiertagsgesetzes von Baden-Württemberg[10] haben Schüler am Gründonnerstag und am Reformationstag schulfrei. In der Regel legt das Kultusministerium die Ferientermine so fest, dass diese beiden Tage in die Osterferien bzw. in die Herbstferien fallen."
2007,"BY","Neujahrstag","2007-01-01",""
2007,"BY","Heilige Drei Könige","2007-01-06",""
2007,"BY","Karfreitag","2007-04-06",""
2007,"BY","Ostermontag","2007-04-09",""
2007,"BY","Tag der Arbeit","2007-05-01",""
2007,"BY","Christi Himmelfahrt","2007-05-17",""
2007,"BY","Pfingstmontag","2007-05-28",""
2007,"BY","Fronleichnam","2007-06-07",""
2007,"BY","Augsburger Friedensfest","2007-08-08","Das Augsburger Friedensfest ist nur im Stadtgebiet Augsburg (nicht jedoch im angrenzenden Umland) gesetzlicher Feiertag (Art. 1 Abs. 2 Bayerisches Feiertagsgesetz[7])."
2007,"BY","Mariä Himmelfahrt","2007-08-15","Mariä Himmelfahrt ist in Bayern in von den derzeit 1704[8] (Zensus 2011, bis 2013: 1700) Gemeinden mit überwiegend katholischer Bevölkerung gesetzlicher Feiertag, in den restlichen 352 (Zensus 2011, bis 2013: 356) Gemeinden nicht. Gemäß Art. 1 Abs. 3 des Bayerischen Feiertagsgesetzes[7] ist es Aufgabe des Bayerischen Landesamtes für Statistik und Datenverarbeitung, festzustellen, in welchen Gemeinden Mariä Himmelfahrt gesetzlicher Feiertag ist. Die aktuelle Festlegung beruht auf dem Ergebnis der letzten in der Bundesrepublik Deutschland durchgeführten Volkszählung vom 25. Mai 1987. Gemäß Art 4. Abs. 3 des Bayerischen Feiertagsgesetzes entfällt im gesamten Bundesland zu Mariä Himmelfahrt an Schulen aller Gattungen der Unterricht. Diese Festlegung gilt ausdrücklich auch in den Teilen Bayerns, in denen dieser Tag kein gesetzlicher Feiertag ist. Eine Übersichtskarte aller Gemeinden, in denen Mariä Himmelfahrt ein Feiertag ist, kann beim Bayerischen Landesamt für Statistik und Datenverarbeitung heruntergeladen werden (Link siehe unter ""Weitere Weblinks"")."
2007,"BY","Tag der Deutschen Einheit","2007-10-03",""
2007,"BY","Allerheiligen","2007-11-01",""
2007,"BY","Buß- und Bettag","2007-11-21","Gemäß Art. 4 Nr. 3 des Bayerischen Feiertagsgesetzes[7] entfällt im gesamten Bundesland am Buß- und Bettag an allen Schulen der Unterricht."
2007,"BY","1. Weihnachtstag","2007-12-25",""
2007,"BY","2. Weihnachtstag","2007-12-26",""
2007,"HB","Neujahrstag","2007-01-01",""
2007,"HB","Karfreitag","2007-04-06",""
2007,"HB","Ostermontag","2007-04-09",""
2007,"HB","Tag der Arbeit","2007-05-01",""
2007,"HB","Christi Himmelfahrt","2007-05-17",""
2007,"HB","Pfingstmontag","2007-05-28",""
2007,"HB","Tag der Deutschen Einheit","2007-10-03",""
2007,"HB","1. Weihnachtstag","2007-12-25",""
2007,"HB","2. Weihnachtstag","2007-12-26",""
2007,"HE","Neujahrstag","2007-01-01",""
2007,"HE","Karfreitag","2007-04-06",""
2007,"HE","Ostermontag","2007-04-09",""
2007,"HE","Tag der Arbeit","2007-05-01",""
2007,"HE","Christi Himmelfahrt","2007-05-17",""
2007,"HE","Pfingstmontag","2007-05-28",""
2007,"HE","Fronleichnam","2007-06-07",""
2007,"HE","Tag der Deutschen Einheit","2007-10-03",""
2007,"HE","1. Weihnachtstag","2007-12-25",""
2007,"HE","2. Weihnachtstag","2007-12-26",""
2007,"HH","Neujahrstag","2007-01-01",""
2007,"HH","Karfreitag","2007-04-06",""
2007,"HH","Ostermontag","2007-04-09",""
2007,"HH","Tag der Arbeit","2007-05-01",""
2007,"HH","Christi Himmelfahrt","2007-05-17",""
2007,"HH","Pfingstmontag","2007-05-28",""
2007,"HH","Tag der Deutschen Einheit","2007-10-03",""
2007,"HH","1. Weihnachtstag","2007-12-25",""
2007,"HH","2. Weihnachtstag","2007-12-26",""
2007,"MV","Neujahrstag","2007-01-01",""
2007,"MV","Karfreitag","2007-04-06",""
2007,"MV","Ostermontag","2007-04-09",""
2007,"MV","Tag der Arbeit","2007-05-01",""
2007,"MV","Christi Himmelfahrt","2007-05-17",""
2007,"MV","Pfingstmontag","2007-05-28",""
2007,"MV","Tag der Deutschen Einheit","2007-10-03",""
2007,"MV","Reformationstag","2007-10-31",""
2007,"MV","1. Weihnachtstag","2007-12-25",""
2007,"MV","2. Weihnachtstag","2007-12-26",""
2007,"NI","Neujahrstag","2007-01-01",""
2007,"NI","Karfreitag","2007-04-06",""
2007,"NI","Ostermontag","2007-04-09",""
2007,"NI","Tag der Arbeit","2007-05-01",""
2007,"NI","Christi Himmelfahrt","2007-05-17",""
2007,"NI","Pfingstmontag","2007-05-28",""
2007,"NI","Tag der Deutschen Einheit","2007-10-03",""
2007,"NI","1. Weihnachtstag","2007-12-25",""
2007,"NI","2. Weihnachtstag","2007-12-26",""
2007,"NW","Neujahrstag","2007-01-01",""
2007,"NW","Karfreitag","2007-04-06",""
2007,"NW","Ostermontag","2007-04-09",""
2007,"NW","Tag der Arbeit","2007-05-01",""
2007,"NW","Christi Himmelfahrt","2007-05-17",""
2007,"NW","Pfingstmontag","2007-05-28",""
2007,"NW","Fronleichnam","2007-06-07",""
2007,"NW","Tag der Deutschen Einheit","2007-10-03",""
2007,"NW","Allerheiligen","2007-11-01",""
2007,"NW","1. Weihnachtstag","2007-12-25",""
2007,"NW","2. Weihnachtstag","2007-12-26",""
2007,"RP","Neujahrstag","2007-01-01",""
2007,"RP","Karfreitag","2007-04-06",""
2007,"RP","Ostermontag","2007-04-09",""
2007,"RP","Tag der Arbeit","2007-05-01",""
2007,"RP","Christi Himmelfahrt","2007-05-17",""
2007,"RP","Pfingstmontag","2007-05-28",""
2007,"RP","Fronleichnam","2007-06-07",""
2007,"RP","Tag der Deutschen Einheit","2007-10-03",""
2007,"RP","Allerheiligen","2007-11-01",""
2007,"RP","1. Weihnachtstag","2007-12-25",""
2007,"RP","2. Weihnachtstag","2007-12-26",""
2007,"SH","Neujahrstag","2007-01-01",""
2007,"SH","Karfreitag","2007-04-06",""
2007,"SH","Ostermontag","2007-04-09",""
2007,"SH","Tag der Arbeit","2007-05-01",""
2007,"SH","Christi Himmelfahrt","2007-05-17",""
2007,"SH","Pfingstmontag","2007-05-28",""
2007,"SH","Tag der Deutschen Einheit","2007-10-03",""
2007,"SH","1. Weihnachtstag","2007-12-25",""
2007,"SH","2. Weihnachtstag","2007-12-26",""
2007,"SL","Neujahrstag","2007-01-01",""
2007,"SL","Karfreitag","2007-04-06",""
2007,"SL","Ostermontag","2007-04-09",""
2007,"SL","Tag der Arbeit","2007-05-01",""
2007,"SL","Christi Himmelfahrt","2007-05-17",""
2007,"SL","Pfingstmontag","2007-05-28",""
2007,"SL","Fronleichnam","2007-06-07",""
2007,"SL","Mariä Himmelfahrt","2007-08-15",""
2007,"SL","Tag der Deutschen Einheit","2007-10-03",""
2007,"SL","Allerheiligen","2007-11-01",""
2007,"SL","1. Weihnachtstag","2007-12-25",""
2007,"SL","2. Weihnachtstag","2007-12-26",""
2007,"SN","Neujahrstag","2007-01-01",""
2007,"SN","Karfreitag","2007-04-06",""
2007,"SN","Ostermontag","2007-04-09",""
2007,"SN","Tag der Arbeit","2007-05-01",""
2007,"SN","Christi Himmelfahrt","2007-05-17",""
2007,"SN","Pfingstmontag","2007-05-28",""
2007,"SN","Fronleichnam","2007-06-07","Fronleichnam ist kein gesetzlicher Feiertag außer in folgenden katholisch geprägten Gemeinden des sorbischen Siedlungsgebietes im Landkreis Bautzen:
				Bautzen (nur in den Ortsteilen Bolbritz und Salzenforst), Crostwitz, Göda (nur im Ortsteil Prischwitz), Großdubrau (nur im Ortsteil Sdier), Hoyerswerda (nur im Ortsteil Dörgenhausen), Königswartha (nicht im Ortsteil Wartha), Nebelschütz, Neschwitz (nur in den Ortsteilen Neschwitz und Saritsch), Panschwitz-Kuckau, Puschwitz, Räckelwitz, Radibor, Ralbitz-Rosenthal und Wittichenau. Entscheidend ist dabei der Arbeitsort, nicht der Wohnort eines Arbeitnehmers.
				Die gesetzliche Grundlage für diese durch die Fronleichnamsverordnung festgelegte Regelung ergibt sich aus § 1 Abs. 1 des Sächsischen Feiertagsgesetzes.[5]"
2007,"SN","Tag der Deutschen Einheit","2007-10-03",""
2007,"SN","Reformationstag","2007-10-31",""
2007,"SN","Buß- und Bettag","2007-11-21",""
2007,"SN","1. Weihnachtstag","2007-12-25",""
2007,"SN","2. Weihnachtstag","2007-12-26",""
2007,"ST","Neujahrstag","2007-01-01",""
2007,"ST","Heilige Drei Könige","2007-01-06",""
2007,"ST","Karfreitag","2007-04-06",""
2007,"ST","Ostermontag","2007-04-09",""
2007,"ST","Tag der Arbeit","2007-05-01",""
2007,"ST","Christi Himmelfahrt","2007-05-17",""
2007,"ST","Pfingstmontag","2007-05-28",""
2007,"ST","Tag der Deutschen Einheit","2007-10-03",""
2007,"ST","Reformationstag","2007-10-31",""
2007,"ST","1. Weihnachtstag","2007-12-25",""
2007,"ST","2. Weihnachtstag","2007-12-26",""
2007,"TH","Neujahrstag","2007-01-01",""
2007,"TH","Karfreitag","2007-04-06",""
2007,"TH","Ostermontag","2007-04-09",""
2007,"TH","Tag der Arbeit","2007-05-01",""
2007,"TH","Christi Himmelfahrt","2007-05-17",""
2007,"TH","Pfingstmontag","2007-05-28",""
2007,"TH","Fronleichnam","2007-06-07","Fronleichnam ist kein gesetzlicher Feiertag außer im gesamten Landkreis Eichsfeld (79 Gemeinden am 31. Dezember 2013, Auflistung siehe dort) sowie in folgenden Gemeinden des Unstrut-Hainich-Kreises und des Wartburgkreises:
				Anrode (nur in den Ortsteilen Bickenriede und Zella), Brunnhartshausen (nur in den Ortsteilen Föhlritz und Steinberg), Buttlar, Dünwald (nur in den Ortsteilen Beberstedt und Hüpstedt), Geisa, Rodeberg (nur im Ortsteil Struth), Schleid, Südeichsfeld und Zella/Rhön.
				Die gesetzliche Grundlage für diese Regelung ergibt sich aus § 2 Abs. 2 und § 10 Abs. 1 des Thüringer Feiertagsgesetzes.[6]"
2007,"TH","Tag der Deutschen Einheit","2007-10-03",""
2007,"TH","Reformationstag","2007-10-31",""
2007,"TH","1. Weihnachtstag","2007-12-25",""
2007,"TH","2. Weihnachtstag","2007-12-26",""
2008,"BB","Neujahrstag","2008-01-01",""
2008,"BB","Karfreitag","2008-03-21",""
2008,"BB","Ostersonntag","2008-03-23",""
2008,"BB","Ostermontag","2008-03-24",""
2008,"BB","Tag der Arbeit","2008-05-01",""
2008,"BB","Christi Himmelfahrt","2008-05-01",""
2008,"BB","Pfingstsonntag","2008-05-11",""
2008,"BB","Pfingstmontag","2008-05-12",""
2008,"BB","Tag der Deutschen Einheit","2008-10-03",""
2008,"BB","Reformationstag","2008-10-31",""
2008,"BB","1. Weihnachtstag","2008-12-25",""
2008,"BB","2. Weihnachtstag","2008-12-26",""
2008,"BE","Neujahrstag","2008-01-01",""
2008,"BE","Karfreitag","2008-03-21",""
2008,"BE","Ostermontag","2008-03-24",""
2008,"BE","Tag der Arbeit","2008-05-01",""
2008,"BE","Christi Himmelfahrt","2008-05-01",""
2008,"BE","Pfingstmontag","2008-05-12",""
2008,"BE","Tag der Deutschen Einheit","2008-10-03",""
2008,"BE","1. Weihnachtstag","2008-12-25",""
2008,"BE","2. Weihnachtstag","2008-12-26",""
2008,"BW","Neujahrstag","2008-01-01",""
2008,"BW","Heilige Drei Könige","2008-01-06",""
2008,"BW","Karfreitag","2008-03-21",""
2008,"BW","Ostermontag","2008-03-24",""
2008,"BW","Tag der Arbeit","2008-05-01",""
2008,"BW","Christi Himmelfahrt","2008-05-01",""
2008,"BW","Pfingstmontag","2008-05-12",""
2008,"BW","Fronleichnam","2008-05-22",""
2008,"BW","Tag der Deutschen Einheit","2008-10-03",""
2008,"BW","Reformationstag","2008-10-31","Gemäß § 4 Abs. 3 des Feiertagsgesetzes von Baden-Württemberg[10] haben Schüler am Gründonnerstag und am Reformationstag schulfrei. In der Regel legt das Kultusministerium die Ferientermine so fest, dass diese beiden Tage in die Osterferien bzw. in die Herbstferien fallen."
2008,"BW","Allerheiligen","2008-11-01",""
2008,"BW","1. Weihnachtstag","2008-12-25",""
2008,"BW","2. Weihnachtstag","2008-12-26",""
2008,"BW","Gründonnerstag",NA,"Gemäß § 4 Abs. 3 des Feiertagsgesetzes von Baden-Württemberg[10] haben Schüler am Gründonnerstag und am Reformationstag schulfrei. In der Regel legt das Kultusministerium die Ferientermine so fest, dass diese beiden Tage in die Osterferien bzw. in die Herbstferien fallen."
2008,"BY","Neujahrstag","2008-01-01",""
2008,"BY","Heilige Drei Könige","2008-01-06",""
2008,"BY","Karfreitag","2008-03-21",""
2008,"BY","Ostermontag","2008-03-24",""
2008,"BY","Tag der Arbeit","2008-05-01",""
2008,"BY","Christi Himmelfahrt","2008-05-01",""
2008,"BY","Pfingstmontag","2008-05-12",""
2008,"BY","Fronleichnam","2008-05-22",""
2008,"BY","Augsburger Friedensfest","2008-08-08","Das Augsburger Friedensfest ist nur im Stadtgebiet Augsburg (nicht jedoch im angrenzenden Umland) gesetzlicher Feiertag (Art. 1 Abs. 2 Bayerisches Feiertagsgesetz[7])."
2008,"BY","Mariä Himmelfahrt","2008-08-15","Mariä Himmelfahrt ist in Bayern in von den derzeit 1704[8] (Zensus 2011, bis 2013: 1700) Gemeinden mit überwiegend katholischer Bevölkerung gesetzlicher Feiertag, in den restlichen 352 (Zensus 2011, bis 2013: 356) Gemeinden nicht. Gemäß Art. 1 Abs. 3 des Bayerischen Feiertagsgesetzes[7] ist es Aufgabe des Bayerischen Landesamtes für Statistik und Datenverarbeitung, festzustellen, in welchen Gemeinden Mariä Himmelfahrt gesetzlicher Feiertag ist. Die aktuelle Festlegung beruht auf dem Ergebnis der letzten in der Bundesrepublik Deutschland durchgeführten Volkszählung vom 25. Mai 1987. Gemäß Art 4. Abs. 3 des Bayerischen Feiertagsgesetzes entfällt im gesamten Bundesland zu Mariä Himmelfahrt an Schulen aller Gattungen der Unterricht. Diese Festlegung gilt ausdrücklich auch in den Teilen Bayerns, in denen dieser Tag kein gesetzlicher Feiertag ist. Eine Übersichtskarte aller Gemeinden, in denen Mariä Himmelfahrt ein Feiertag ist, kann beim Bayerischen Landesamt für Statistik und Datenverarbeitung heruntergeladen werden (Link siehe unter ""Weitere Weblinks"")."
2008,"BY","Tag der Deutschen Einheit","2008-10-03",""
2008,"BY","Allerheiligen","2008-11-01",""
2008,"BY","Buß- und Bettag","2008-11-19","Gemäß Art. 4 Nr. 3 des Bayerischen Feiertagsgesetzes[7] entfällt im gesamten Bundesland am Buß- und Bettag an allen Schulen der Unterricht."
2008,"BY","1. Weihnachtstag","2008-12-25",""
2008,"BY","2. Weihnachtstag","2008-12-26",""
2008,"HB","Neujahrstag","2008-01-01",""
2008,"HB","Karfreitag","2008-03-21",""
2008,"HB","Ostermontag","2008-03-24",""
2008,"HB","Tag der Arbeit","2008-05-01",""
2008,"HB","Christi Himmelfahrt","2008-05-01",""
2008,"HB","Pfingstmontag","2008-05-12",""
2008,"HB","Tag der Deutschen Einheit","2008-10-03",""
2008,"HB","1. Weihnachtstag","2008-12-25",""
2008,"HB","2. Weihnachtstag","2008-12-26",""
2008,"HE","Neujahrstag","2008-01-01",""
2008,"HE","Karfreitag","2008-03-21",""
2008,"HE","Ostermontag","2008-03-24",""
2008,"HE","Tag der Arbeit","2008-05-01",""
2008,"HE","Christi Himmelfahrt","2008-05-01",""
2008,"HE","Pfingstmontag","2008-05-12",""
2008,"HE","Fronleichnam","2008-05-22",""
2008,"HE","Tag der Deutschen Einheit","2008-10-03",""
2008,"HE","1. Weihnachtstag","2008-12-25",""
2008,"HE","2. Weihnachtstag","2008-12-26",""
2008,"HH","Neujahrstag","2008-01-01",""
2008,"HH","Karfreitag","2008-03-21",""
2008,"HH","Ostermontag","2008-03-24",""
2008,"HH","Tag der Arbeit","2008-05-01",""
2008,"HH","Christi Himmelfahrt","2008-05-01",""
2008,"HH","Pfingstmontag","2008-05-12",""
2008,"HH","Tag der Deutschen Einheit","2008-10-03",""
2008,"HH","1. Weihnachtstag","2008-12-25",""
2008,"HH","2. Weihnachtstag","2008-12-26",""
2008,"MV","Neujahrstag","2008-01-01",""
2008,"MV","Karfreitag","2008-03-21",""
2008,"MV","Ostermontag","2008-03-24",""
2008,"MV","Tag der Arbeit","2008-05-01",""
2008,"MV","Christi Himmelfahrt","2008-05-01",""
2008,"MV","Pfingstmontag","2008-05-12",""
2008,"MV","Tag der Deutschen Einheit","2008-10-03",""
2008,"MV","Reformationstag","2008-10-31",""
2008,"MV","1. Weihnachtstag","2008-12-25",""
2008,"MV","2. Weihnachtstag","2008-12-26",""
2008,"NI","Neujahrstag","2008-01-01",""
2008,"NI","Karfreitag","2008-03-21",""
2008,"NI","Ostermontag","2008-03-24",""
2008,"NI","Tag der Arbeit","2008-05-01",""
2008,"NI","Christi Himmelfahrt","2008-05-01",""
2008,"NI","Pfingstmontag","2008-05-12",""
2008,"NI","Tag der Deutschen Einheit","2008-10-03",""
2008,"NI","1. Weihnachtstag","2008-12-25",""
2008,"NI","2. Weihnachtstag","2008-12-26",""
2008,"NW","Neujahrstag","2008-01-01",""
2008,"NW","Karfreitag","2008-03-21",""
2008,"NW","Ostermontag","2008-03-24",""
2008,"NW","Tag der Arbeit","2008-05-01",""
2008,"NW","Christi Himmelfahrt","2008-05-01",""
2008,"NW","Pfingstmontag","2008-05-12",""
2008,"NW","Fronleichnam","2008-05-22",""
2008,"NW","Tag der Deutschen Einheit","2008-10-03",""
2008,"NW","Allerheiligen","2008-11-01",""
2008,"NW","1. Weihnachtstag","2008-12-25",""
2008,"NW","2. Weihnachtstag","2008-12-26",""
2008,"RP","Neujahrstag","2008-01-01",""
2008,"RP","Karfreitag","2008-03-21",""
2008,"RP","Ostermontag","2008-03-24",""
2008,"RP","Tag der Arbeit","2008-05-01",""
2008,"RP","Christi Himmelfahrt","2008-05-01",""
2008,"RP","Pfingstmontag","2008-05-12",""
2008,"RP","Fronleichnam","2008-05-22",""
2008,"RP","Tag der Deutschen Einheit","2008-10-03",""
2008,"RP","Allerheiligen","2008-11-01",""
2008,"RP","1. Weihnachtstag","2008-12-25",""
2008,"RP","2. Weihnachtstag","2008-12-26",""
2008,"SH","Neujahrstag","2008-01-01",""
2008,"SH","Karfreitag","2008-03-21",""
2008,"SH","Ostermontag","2008-03-24",""
2008,"SH","Tag der Arbeit","2008-05-01",""
2008,"SH","Christi Himmelfahrt","2008-05-01",""
2008,"SH","Pfingstmontag","2008-05-12",""
2008,"SH","Tag der Deutschen Einheit","2008-10-03",""
2008,"SH","1. Weihnachtstag","2008-12-25",""
2008,"SH","2. Weihnachtstag","2008-12-26",""
2008,"SL","Neujahrstag","2008-01-01",""
2008,"SL","Karfreitag","2008-03-21",""
2008,"SL","Ostermontag","2008-03-24",""
2008,"SL","Tag der Arbeit","2008-05-01",""
2008,"SL","Christi Himmelfahrt","2008-05-01",""
2008,"SL","Pfingstmontag","2008-05-12",""
2008,"SL","Fronleichnam","2008-05-22",""
2008,"SL","Mariä Himmelfahrt","2008-08-15",""
2008,"SL","Tag der Deutschen Einheit","2008-10-03",""
2008,"SL","Allerheiligen","2008-11-01",""
2008,"SL","1. Weihnachtstag","2008-12-25",""
2008,"SL","2. Weihnachtstag","2008-12-26",""
2008,"SN","Neujahrstag","2008-01-01",""
2008,"SN","Karfreitag","2008-03-21",""
2008,"SN","Ostermontag","2008-03-24",""
2008,"SN","Tag der Arbeit","2008-05-01",""
2008,"SN","Christi Himmelfahrt","2008-05-01",""
2008,"SN","Pfingstmontag","2008-05-12",""
2008,"SN","Fronleichnam","2008-05-22","Fronleichnam ist kein gesetzlicher Feiertag außer in folgenden katholisch geprägten Gemeinden des sorbischen Siedlungsgebietes im Landkreis Bautzen:
				Bautzen (nur in den Ortsteilen Bolbritz und Salzenforst), Crostwitz, Göda (nur im Ortsteil Prischwitz), Großdubrau (nur im Ortsteil Sdier), Hoyerswerda (nur im Ortsteil Dörgenhausen), Königswartha (nicht im Ortsteil Wartha), Nebelschütz, Neschwitz (nur in den Ortsteilen Neschwitz und Saritsch), Panschwitz-Kuckau, Puschwitz, Räckelwitz, Radibor, Ralbitz-Rosenthal und Wittichenau. Entscheidend ist dabei der Arbeitsort, nicht der Wohnort eines Arbeitnehmers.
				Die gesetzliche Grundlage für diese durch die Fronleichnamsverordnung festgelegte Regelung ergibt sich aus § 1 Abs. 1 des Sächsischen Feiertagsgesetzes.[5]"
2008,"SN","Tag der Deutschen Einheit","2008-10-03",""
2008,"SN","Reformationstag","2008-10-31",""
2008,"SN","Buß- und Bettag","2008-11-19",""
2008,"SN","1. Weihnachtstag","2008-12-25",""
2008,"SN","2. Weihnachtstag","2008-12-26",""
2008,"ST","Neujahrstag","2008-01-01",""
2008,"ST","Heilige Drei Könige","2008-01-06",""
2008,"ST","Karfreitag","2008-03-21",""
2008,"ST","Ostermontag","2008-03-24",""
2008,"ST","Tag der Arbeit","2008-05-01",""
2008,"ST","Christi Himmelfahrt","2008-05-01",""
2008,"ST","Pfingstmontag","2008-05-12",""
2008,"ST","Tag der Deutschen Einheit","2008-10-03",""
2008,"ST","Reformationstag","2008-10-31",""
2008,"ST","1. Weihnachtstag","2008-12-25",""
2008,"ST","2. Weihnachtstag","2008-12-26",""
2008,"TH","Neujahrstag","2008-01-01",""
2008,"TH","Karfreitag","2008-03-21",""
2008,"TH","Ostermontag","2008-03-24",""
2008,"TH","Tag der Arbeit","2008-05-01",""
2008,"TH","Christi Himmelfahrt","2008-05-01",""
2008,"TH","Pfingstmontag","2008-05-12",""
2008,"TH","Fronleichnam","2008-05-22","Fronleichnam ist kein gesetzlicher Feiertag außer im gesamten Landkreis Eichsfeld (79 Gemeinden am 31. Dezember 2013, Auflistung siehe dort) sowie in folgenden Gemeinden des Unstrut-Hainich-Kreises und des Wartburgkreises:
				Anrode (nur in den Ortsteilen Bickenriede und Zella), Brunnhartshausen (nur in den Ortsteilen Föhlritz und Steinberg), Buttlar, Dünwald (nur in den Ortsteilen Beberstedt und Hüpstedt), Geisa, Rodeberg (nur im Ortsteil Struth), Schleid, Südeichsfeld und Zella/Rhön.
				Die gesetzliche Grundlage für diese Regelung ergibt sich aus § 2 Abs. 2 und § 10 Abs. 1 des Thüringer Feiertagsgesetzes.[6]"
2008,"TH","Tag der Deutschen Einheit","2008-10-03",""
2008,"TH","Reformationstag","2008-10-31",""
2008,"TH","1. Weihnachtstag","2008-12-25",""
2008,"TH","2. Weihnachtstag","2008-12-26",""
2009,"BB","Neujahrstag","2009-01-01",""
2009,"BB","Karfreitag","2009-04-10",""
2009,"BB","Ostersonntag","2009-04-12",""
2009,"BB","Ostermontag","2009-04-13",""
2009,"BB","Tag der Arbeit","2009-05-01",""
2009,"BB","Christi Himmelfahrt","2009-05-21",""
2009,"BB","Pfingstsonntag","2009-05-31",""
2009,"BB","Pfingstmontag","2009-06-01",""
2009,"BB","Tag der Deutschen Einheit","2009-10-03",""
2009,"BB","Reformationstag","2009-10-31",""
2009,"BB","1. Weihnachtstag","2009-12-25",""
2009,"BB","2. Weihnachtstag","2009-12-26",""
2009,"BE","Neujahrstag","2009-01-01",""
2009,"BE","Karfreitag","2009-04-10",""
2009,"BE","Ostermontag","2009-04-13",""
2009,"BE","Tag der Arbeit","2009-05-01",""
2009,"BE","Christi Himmelfahrt","2009-05-21",""
2009,"BE","Pfingstmontag","2009-06-01",""
2009,"BE","Tag der Deutschen Einheit","2009-10-03",""
2009,"BE","1. Weihnachtstag","2009-12-25",""
2009,"BE","2. Weihnachtstag","2009-12-26",""
2009,"BW","Neujahrstag","2009-01-01",""
2009,"BW","Heilige Drei Könige","2009-01-06",""
2009,"BW","Karfreitag","2009-04-10",""
2009,"BW","Ostermontag","2009-04-13",""
2009,"BW","Tag der Arbeit","2009-05-01",""
2009,"BW","Christi Himmelfahrt","2009-05-21",""
2009,"BW","Pfingstmontag","2009-06-01",""
2009,"BW","Fronleichnam","2009-06-11",""
2009,"BW","Tag der Deutschen Einheit","2009-10-03",""
2009,"BW","Reformationstag","2009-10-31","Gemäß § 4 Abs. 3 des Feiertagsgesetzes von Baden-Württemberg[10] haben Schüler am Gründonnerstag und am Reformationstag schulfrei. In der Regel legt das Kultusministerium die Ferientermine so fest, dass diese beiden Tage in die Osterferien bzw. in die Herbstferien fallen."
2009,"BW","Allerheiligen","2009-11-01",""
2009,"BW","1. Weihnachtstag","2009-12-25",""
2009,"BW","2. Weihnachtstag","2009-12-26",""
2009,"BW","Gründonnerstag",NA,"Gemäß § 4 Abs. 3 des Feiertagsgesetzes von Baden-Württemberg[10] haben Schüler am Gründonnerstag und am Reformationstag schulfrei. In der Regel legt das Kultusministerium die Ferientermine so fest, dass diese beiden Tage in die Osterferien bzw. in die Herbstferien fallen."
2009,"BY","Neujahrstag","2009-01-01",""
2009,"BY","Heilige Drei Könige","2009-01-06",""
2009,"BY","Karfreitag","2009-04-10",""
2009,"BY","Ostermontag","2009-04-13",""
2009,"BY","Tag der Arbeit","2009-05-01",""
2009,"BY","Christi Himmelfahrt","2009-05-21",""
2009,"BY","Pfingstmontag","2009-06-01",""
2009,"BY","Fronleichnam","2009-06-11",""
2009,"BY","Augsburger Friedensfest","2009-08-08","Das Augsburger Friedensfest ist nur im Stadtgebiet Augsburg (nicht jedoch im angrenzenden Umland) gesetzlicher Feiertag (Art. 1 Abs. 2 Bayerisches Feiertagsgesetz[7])."
2009,"BY","Mariä Himmelfahrt","2009-08-15","Mariä Himmelfahrt ist in Bayern in von den derzeit 1704[8] (Zensus 2011, bis 2013: 1700) Gemeinden mit überwiegend katholischer Bevölkerung gesetzlicher Feiertag, in den restlichen 352 (Zensus 2011, bis 2013: 356) Gemeinden nicht. Gemäß Art. 1 Abs. 3 des Bayerischen Feiertagsgesetzes[7] ist es Aufgabe des Bayerischen Landesamtes für Statistik und Datenverarbeitung, festzustellen, in welchen Gemeinden Mariä Himmelfahrt gesetzlicher Feiertag ist. Die aktuelle Festlegung beruht auf dem Ergebnis der letzten in der Bundesrepublik Deutschland durchgeführten Volkszählung vom 25. Mai 1987. Gemäß Art 4. Abs. 3 des Bayerischen Feiertagsgesetzes entfällt im gesamten Bundesland zu Mariä Himmelfahrt an Schulen aller Gattungen der Unterricht. Diese Festlegung gilt ausdrücklich auch in den Teilen Bayerns, in denen dieser Tag kein gesetzlicher Feiertag ist. Eine Übersichtskarte aller Gemeinden, in denen Mariä Himmelfahrt ein Feiertag ist, kann beim Bayerischen Landesamt für Statistik und Datenverarbeitung heruntergeladen werden (Link siehe unter ""Weitere Weblinks"")."
2009,"BY","Tag der Deutschen Einheit","2009-10-03",""
2009,"BY","Allerheiligen","2009-11-01",""
2009,"BY","Buß- und Bettag","2009-11-18","Gemäß Art. 4 Nr. 3 des Bayerischen Feiertagsgesetzes[7] entfällt im gesamten Bundesland am Buß- und Bettag an allen Schulen der Unterricht."
2009,"BY","1. Weihnachtstag","2009-12-25",""
2009,"BY","2. Weihnachtstag","2009-12-26",""
2009,"HB","Neujahrstag","2009-01-01",""
2009,"HB","Karfreitag","2009-04-10",""
2009,"HB","Ostermontag","2009-04-13",""
2009,"HB","Tag der Arbeit","2009-05-01",""
2009,"HB","Christi Himmelfahrt","2009-05-21",""
2009,"HB","Pfingstmontag","2009-06-01",""
2009,"HB","Tag der Deutschen Einheit","2009-10-03",""
2009,"HB","1. Weihnachtstag","2009-12-25",""
2009,"HB","2. Weihnachtstag","2009-12-26",""
2009,"HE","Neujahrstag","2009-01-01",""
2009,"HE","Karfreitag","2009-04-10",""
2009,"HE","Ostermontag","2009-04-13",""
2009,"HE","Tag der Arbeit","2009-05-01",""
2009,"HE","Christi Himmelfahrt","2009-05-21",""
2009,"HE","Pfingstmontag","2009-06-01",""
2009,"HE","Fronleichnam","2009-06-11",""
2009,"HE","Tag der Deutschen Einheit","2009-10-03",""
2009,"HE","1. Weihnachtstag","2009-12-25",""
2009,"HE","2. Weihnachtstag","2009-12-26",""
2009,"HH","Neujahrstag","2009-01-01",""
2009,"HH","Karfreitag","2009-04-10",""
2009,"HH","Ostermontag","2009-04-13",""
2009,"HH","Tag der Arbeit","2009-05-01",""
2009,"HH","Christi Himmelfahrt","2009-05-21",""
2009,"HH","Pfingstmontag","2009-06-01",""
2009,"HH","Tag der Deutschen Einheit","2009-10-03",""
2009,"HH","1. Weihnachtstag","2009-12-25",""
2009,"HH","2. Weihnachtstag","2009-12-26",""
2009,"MV","Neujahrstag","2009-01-01",""
2009,"MV","Karfreitag","2009-04-10",""
2009,"MV","Ostermontag","2009-04-13",""
2009,"MV","Tag der Arbeit","2009-05-01",""
2009,"MV","Christi Himmelfahrt","2009-05-21",""
2009,"MV","Pfingstmontag","2009-06-01",""
2009,"MV","Tag der Deutschen Einheit","2009-10-03",""
2009,"MV","Reformationstag","2009-10-31",""
2009,"MV","1. Weihnachtstag","2009-12-25",""
2009,"MV","2. Weihnachtstag","2009-12-26",""
2009,"NI","Neujahrstag","2009-01-01",""
2009,"NI","Karfreitag","2009-04-10",""
2009,"NI","Ostermontag","2009-04-13",""
2009,"NI","Tag der Arbeit","2009-05-01",""
2009,"NI","Christi Himmelfahrt","2009-05-21",""
2009,"NI","Pfingstmontag","2009-06-01",""
2009,"NI","Tag der Deutschen Einheit","2009-10-03",""
2009,"NI","1. Weihnachtstag","2009-12-25",""
2009,"NI","2. Weihnachtstag","2009-12-26",""
2009,"NW","Neujahrstag","2009-01-01",""
2009,"NW","Karfreitag","2009-04-10",""
2009,"NW","Ostermontag","2009-04-13",""
2009,"NW","Tag der Arbeit","2009-05-01",""
2009,"NW","Christi Himmelfahrt","2009-05-21",""
2009,"NW","Pfingstmontag","2009-06-01",""
2009,"NW","Fronleichnam","2009-06-11",""
2009,"NW","Tag der Deutschen Einheit","2009-10-03",""
2009,"NW","Allerheiligen","2009-11-01",""
2009,"NW","1. Weihnachtstag","2009-12-25",""
2009,"NW","2. Weihnachtstag","2009-12-26",""
2009,"RP","Neujahrstag","2009-01-01",""
2009,"RP","Karfreitag","2009-04-10",""
2009,"RP","Ostermontag","2009-04-13",""
2009,"RP","Tag der Arbeit","2009-05-01",""
2009,"RP","Christi Himmelfahrt","2009-05-21",""
2009,"RP","Pfingstmontag","2009-06-01",""
2009,"RP","Fronleichnam","2009-06-11",""
2009,"RP","Tag der Deutschen Einheit","2009-10-03",""
2009,"RP","Allerheiligen","2009-11-01",""
2009,"RP","1. Weihnachtstag","2009-12-25",""
2009,"RP","2. Weihnachtstag","2009-12-26",""
2009,"SH","Neujahrstag","2009-01-01",""
2009,"SH","Karfreitag","2009-04-10",""
2009,"SH","Ostermontag","2009-04-13",""
2009,"SH","Tag der Arbeit","2009-05-01",""
2009,"SH","Christi Himmelfahrt","2009-05-21",""
2009,"SH","Pfingstmontag","2009-06-01",""
2009,"SH","Tag der Deutschen Einheit","2009-10-03",""
2009,"SH","1. Weihnachtstag","2009-12-25",""
2009,"SH","2. Weihnachtstag","2009-12-26",""
2009,"SL","Neujahrstag","2009-01-01",""
2009,"SL","Karfreitag","2009-04-10",""
2009,"SL","Ostermontag","2009-04-13",""
2009,"SL","Tag der Arbeit","2009-05-01",""
2009,"SL","Christi Himmelfahrt","2009-05-21",""
2009,"SL","Pfingstmontag","2009-06-01",""
2009,"SL","Fronleichnam","2009-06-11",""
2009,"SL","Mariä Himmelfahrt","2009-08-15",""
2009,"SL","Tag der Deutschen Einheit","2009-10-03",""
2009,"SL","Allerheiligen","2009-11-01",""
2009,"SL","1. Weihnachtstag","2009-12-25",""
2009,"SL","2. Weihnachtstag","2009-12-26",""
2009,"SN","Neujahrstag","2009-01-01",""
2009,"SN","Karfreitag","2009-04-10",""
2009,"SN","Ostermontag","2009-04-13",""
2009,"SN","Tag der Arbeit","2009-05-01",""
2009,"SN","Christi Himmelfahrt","2009-05-21",""
2009,"SN","Pfingstmontag","2009-06-01",""
2009,"SN","Fronleichnam","2009-06-11","Fronleichnam ist kein gesetzlicher Feiertag außer in folgenden katholisch geprägten Gemeinden des sorbischen Siedlungsgebietes im Landkreis Bautzen:
				Bautzen (nur in den Ortsteilen Bolbritz und Salzenforst), Crostwitz, Göda (nur im Ortsteil Prischwitz), Großdubrau (nur im Ortsteil Sdier), Hoyerswerda (nur im Ortsteil Dörgenhausen), Königswartha (nicht im Ortsteil Wartha), Nebelschütz, Neschwitz (nur in den Ortsteilen Neschwitz und Saritsch), Panschwitz-Kuckau, Puschwitz, Räckelwitz, Radibor, Ralbitz-Rosenthal und Wittichenau. Entscheidend ist dabei der Arbeitsort, nicht der Wohnort eines Arbeitnehmers.
				Die gesetzliche Grundlage für diese durch die Fronleichnamsverordnung festgelegte Regelung ergibt sich aus § 1 Abs. 1 des Sächsischen Feiertagsgesetzes.[5]"
2009,"SN","Tag der Deutschen Einheit","2009-10-03",""
2009,"SN","Reformationstag","2009-10-31",""
2009,"SN","Buß- und Bettag","2009-11-18",""
2009,"SN","1. Weihnachtstag","2009-12-25",""
2009,"SN","2. Weihnachtstag","2009-12-26",""
2009,"ST","Neujahrstag","2009-01-01",""
2009,"ST","Heilige Drei Könige","2009-01-06",""
2009,"ST","Karfreitag","2009-04-10",""
2009,"ST","Ostermontag","2009-04-13",""
2009,"ST","Tag der Arbeit","2009-05-01",""
2009,"ST","Christi Himmelfahrt","2009-05-21",""
2009,"ST","Pfingstmontag","2009-06-01",""
2009,"ST","Tag der Deutschen Einheit","2009-10-03",""
2009,"ST","Reformationstag","2009-10-31",""
2009,"ST","1. Weihnachtstag","2009-12-25",""
2009,"ST","2. Weihnachtstag","2009-12-26",""
2009,"TH","Neujahrstag","2009-01-01",""
2009,"TH","Karfreitag","2009-04-10",""
2009,"TH","Ostermontag","2009-04-13",""
2009,"TH","Tag der Arbeit","2009-05-01",""
2009,"TH","Christi Himmelfahrt","2009-05-21",""
2009,"TH","Pfingstmontag","2009-06-01",""
2009,"TH","Fronleichnam","2009-06-11","Fronleichnam ist kein gesetzlicher Feiertag außer im gesamten Landkreis Eichsfeld (79 Gemeinden am 31. Dezember 2013, Auflistung siehe dort) sowie in folgenden Gemeinden des Unstrut-Hainich-Kreises und des Wartburgkreises:
				Anrode (nur in den Ortsteilen Bickenriede und Zella), Brunnhartshausen (nur in den Ortsteilen Föhlritz und Steinberg), Buttlar, Dünwald (nur in den Ortsteilen Beberstedt und Hüpstedt), Geisa, Rodeberg (nur im Ortsteil Struth), Schleid, Südeichsfeld und Zella/Rhön.
				Die gesetzliche Grundlage für diese Regelung ergibt sich aus § 2 Abs. 2 und § 10 Abs. 1 des Thüringer Feiertagsgesetzes.[6]"
2009,"TH","Tag der Deutschen Einheit","2009-10-03",""
2009,"TH","Reformationstag","2009-10-31",""
2009,"TH","1. Weihnachtstag","2009-12-25",""
2009,"TH","2. Weihnachtstag","2009-12-26",""
2010,"BB","Neujahrstag","2010-01-01",""
2010,"BB","Karfreitag","2010-04-02",""
2010,"BB","Ostersonntag","2010-04-04",""
2010,"BB","Ostermontag","2010-04-05",""
2010,"BB","Tag der Arbeit","2010-05-01",""
2010,"BB","Christi Himmelfahrt","2010-05-13",""
2010,"BB","Pfingstsonntag","2010-05-23",""
2010,"BB","Pfingstmontag","2010-05-24",""
2010,"BB","Tag der Deutschen Einheit","2010-10-03",""
2010,"BB","Reformationstag","2010-10-31",""
2010,"BB","1. Weihnachtstag","2010-12-25",""
2010,"BB","2. Weihnachtstag","2010-12-26",""
2010,"BE","Neujahrstag","2010-01-01",""
2010,"BE","Karfreitag","2010-04-02",""
2010,"BE","Ostermontag","2010-04-05",""
2010,"BE","Tag der Arbeit","2010-05-01",""
2010,"BE","Christi Himmelfahrt","2010-05-13",""
2010,"BE","Pfingstmontag","2010-05-24",""
2010,"BE","Tag der Deutschen Einheit","2010-10-03",""
2010,"BE","1. Weihnachtstag","2010-12-25",""
2010,"BE","2. Weihnachtstag","2010-12-26",""
2010,"BW","Neujahrstag","2010-01-01",""
2010,"BW","Heilige Drei Könige","2010-01-06",""
2010,"BW","Karfreitag","2010-04-02",""
2010,"BW","Ostermontag","2010-04-05",""
2010,"BW","Tag der Arbeit","2010-05-01",""
2010,"BW","Christi Himmelfahrt","2010-05-13",""
2010,"BW","Pfingstmontag","2010-05-24",""
2010,"BW","Fronleichnam","2010-06-03",""
2010,"BW","Tag der Deutschen Einheit","2010-10-03",""
2010,"BW","Reformationstag","2010-10-31","Gemäß § 4 Abs. 3 des Feiertagsgesetzes von Baden-Württemberg[10] haben Schüler am Gründonnerstag und am Reformationstag schulfrei. In der Regel legt das Kultusministerium die Ferientermine so fest, dass diese beiden Tage in die Osterferien bzw. in die Herbstferien fallen."
2010,"BW","Allerheiligen","2010-11-01",""
2010,"BW","1. Weihnachtstag","2010-12-25",""
2010,"BW","2. Weihnachtstag","2010-12-26",""
2010,"BW","Gründonnerstag",NA,"Gemäß § 4 Abs. 3 des Feiertagsgesetzes von Baden-Württemberg[10] haben Schüler am Gründonnerstag und am Reformationstag schulfrei. In der Regel legt das Kultusministerium die Ferientermine so fest, dass diese beiden Tage in die Osterferien bzw. in die Herbstferien fallen."
2010,"BY","Neujahrstag","2010-01-01",""
2010,"BY","Heilige Drei Könige","2010-01-06",""
2010,"BY","Karfreitag","2010-04-02",""
2010,"BY","Ostermontag","2010-04-05",""
2010,"BY","Tag der Arbeit","2010-05-01",""
2010,"BY","Christi Himmelfahrt","2010-05-13",""
2010,"BY","Pfingstmontag","2010-05-24",""
2010,"BY","Fronleichnam","2010-06-03",""
2010,"BY","Augsburger Friedensfest","2010-08-08","Das Augsburger Friedensfest ist nur im Stadtgebiet Augsburg (nicht jedoch im angrenzenden Umland) gesetzlicher Feiertag (Art. 1 Abs. 2 Bayerisches Feiertagsgesetz[7])."
2010,"BY","Mariä Himmelfahrt","2010-08-15","Mariä Himmelfahrt ist in Bayern in von den derzeit 1704[8] (Zensus 2011, bis 2013: 1700) Gemeinden mit überwiegend katholischer Bevölkerung gesetzlicher Feiertag, in den restlichen 352 (Zensus 2011, bis 2013: 356) Gemeinden nicht. Gemäß Art. 1 Abs. 3 des Bayerischen Feiertagsgesetzes[7] ist es Aufgabe des Bayerischen Landesamtes für Statistik und Datenverarbeitung, festzustellen, in welchen Gemeinden Mariä Himmelfahrt gesetzlicher Feiertag ist. Die aktuelle Festlegung beruht auf dem Ergebnis der letzten in der Bundesrepublik Deutschland durchgeführten Volkszählung vom 25. Mai 1987. Gemäß Art 4. Abs. 3 des Bayerischen Feiertagsgesetzes entfällt im gesamten Bundesland zu Mariä Himmelfahrt an Schulen aller Gattungen der Unterricht. Diese Festlegung gilt ausdrücklich auch in den Teilen Bayerns, in denen dieser Tag kein gesetzlicher Feiertag ist. Eine Übersichtskarte aller Gemeinden, in denen Mariä Himmelfahrt ein Feiertag ist, kann beim Bayerischen Landesamt für Statistik und Datenverarbeitung heruntergeladen werden (Link siehe unter ""Weitere Weblinks"")."
2010,"BY","Tag der Deutschen Einheit","2010-10-03",""
2010,"BY","Allerheiligen","2010-11-01",""
2010,"BY","Buß- und Bettag","2010-11-17","Gemäß Art. 4 Nr. 3 des Bayerischen Feiertagsgesetzes[7] entfällt im gesamten Bundesland am Buß- und Bettag an allen Schulen der Unterricht."
2010,"BY","1. Weihnachtstag","2010-12-25",""
2010,"BY","2. Weihnachtstag","2010-12-26",""
2010,"HB","Neujahrstag","2010-01-01",""
2010,"HB","Karfreitag","2010-04-02",""
2010,"HB","Ostermontag","2010-04-05",""
2010,"HB","Tag der Arbeit","2010-05-01",""
2010,"HB","Christi Himmelfahrt","2010-05-13",""
2010,"HB","Pfingstmontag","2010-05-24",""
2010,"HB","Tag der Deutschen Einheit","2010-10-03",""
2010,"HB","1. Weihnachtstag","2010-12-25",""
2010,"HB","2. Weihnachtstag","2010-12-26",""
2010,"HE","Neujahrstag","2010-01-01",""
2010,"HE","Karfreitag","2010-04-02",""
2010,"HE","Ostermontag","2010-04-05",""
2010,"HE","Tag der Arbeit","2010-05-01",""
2010,"HE","Christi Himmelfahrt","2010-05-13",""
2010,"HE","Pfingstmontag","2010-05-24",""
2010,"HE","Fronleichnam","2010-06-03",""
2010,"HE","Tag der Deutschen Einheit","2010-10-03",""
2010,"HE","1. Weihnachtstag","2010-12-25",""
2010,"HE","2. Weihnachtstag","2010-12-26",""
2010,"HH","Neujahrstag","2010-01-01",""
2010,"HH","Karfreitag","2010-04-02",""
2010,"HH","Ostermontag","2010-04-05",""
2010,"HH","Tag der Arbeit","2010-05-01",""
2010,"HH","Christi Himmelfahrt","2010-05-13",""
2010,"HH","Pfingstmontag","2010-05-24",""
2010,"HH","Tag der Deutschen Einheit","2010-10-03",""
2010,"HH","1. Weihnachtstag","2010-12-25",""
2010,"HH","2. Weihnachtstag","2010-12-26",""
2010,"MV","Neujahrstag","2010-01-01",""
2010,"MV","Karfreitag","2010-04-02",""
2010,"MV","Ostermontag","2010-04-05",""
2010,"MV","Tag der Arbeit","2010-05-01",""
2010,"MV","Christi Himmelfahrt","2010-05-13",""
2010,"MV","Pfingstmontag","2010-05-24",""
2010,"MV","Tag der Deutschen Einheit","2010-10-03",""
2010,"MV","Reformationstag","2010-10-31",""
2010,"MV","1. Weihnachtstag","2010-12-25",""
2010,"MV","2. Weihnachtstag","2010-12-26",""
2010,"NI","Neujahrstag","2010-01-01",""
2010,"NI","Karfreitag","2010-04-02",""
2010,"NI","Ostermontag","2010-04-05",""
2010,"NI","Tag der Arbeit","2010-05-01",""
2010,"NI","Christi Himmelfahrt","2010-05-13",""
2010,"NI","Pfingstmontag","2010-05-24",""
2010,"NI","Tag der Deutschen Einheit","2010-10-03",""
2010,"NI","1. Weihnachtstag","2010-12-25",""
2010,"NI","2. Weihnachtstag","2010-12-26",""
2010,"NW","Neujahrstag","2010-01-01",""
2010,"NW","Karfreitag","2010-04-02",""
2010,"NW","Ostermontag","2010-04-05",""
2010,"NW","Tag der Arbeit","2010-05-01",""
2010,"NW","Christi Himmelfahrt","2010-05-13",""
2010,"NW","Pfingstmontag","2010-05-24",""
2010,"NW","Fronleichnam","2010-06-03",""
2010,"NW","Tag der Deutschen Einheit","2010-10-03",""
2010,"NW","Allerheiligen","2010-11-01",""
2010,"NW","1. Weihnachtstag","2010-12-25",""
2010,"NW","2. Weihnachtstag","2010-12-26",""
2010,"RP","Neujahrstag","2010-01-01",""
2010,"RP","Karfreitag","2010-04-02",""
2010,"RP","Ostermontag","2010-04-05",""
2010,"RP","Tag der Arbeit","2010-05-01",""
2010,"RP","Christi Himmelfahrt","2010-05-13",""
2010,"RP","Pfingstmontag","2010-05-24",""
2010,"RP","Fronleichnam","2010-06-03",""
2010,"RP","Tag der Deutschen Einheit","2010-10-03",""
2010,"RP","Allerheiligen","2010-11-01",""
2010,"RP","1. Weihnachtstag","2010-12-25",""
2010,"RP","2. Weihnachtstag","2010-12-26",""
2010,"SH","Neujahrstag","2010-01-01",""
2010,"SH","Karfreitag","2010-04-02",""
2010,"SH","Ostermontag","2010-04-05",""
2010,"SH","Tag der Arbeit","2010-05-01",""
2010,"SH","Christi Himmelfahrt","2010-05-13",""
2010,"SH","Pfingstmontag","2010-05-24",""
2010,"SH","Tag der Deutschen Einheit","2010-10-03",""
2010,"SH","1. Weihnachtstag","2010-12-25",""
2010,"SH","2. Weihnachtstag","2010-12-26",""
2010,"SL","Neujahrstag","2010-01-01",""
2010,"SL","Karfreitag","2010-04-02",""
2010,"SL","Ostermontag","2010-04-05",""
2010,"SL","Tag der Arbeit","2010-05-01",""
2010,"SL","Christi Himmelfahrt","2010-05-13",""
2010,"SL","Pfingstmontag","2010-05-24",""
2010,"SL","Fronleichnam","2010-06-03",""
2010,"SL","Mariä Himmelfahrt","2010-08-15",""
2010,"SL","Tag der Deutschen Einheit","2010-10-03",""
2010,"SL","Allerheiligen","2010-11-01",""
2010,"SL","1. Weihnachtstag","2010-12-25",""
2010,"SL","2. Weihnachtstag","2010-12-26",""
2010,"SN","Neujahrstag","2010-01-01",""
2010,"SN","Karfreitag","2010-04-02",""
2010,"SN","Ostermontag","2010-04-05",""
2010,"SN","Tag der Arbeit","2010-05-01",""
2010,"SN","Christi Himmelfahrt","2010-05-13",""
2010,"SN","Pfingstmontag","2010-05-24",""
2010,"SN","Fronleichnam","2010-06-03","Fronleichnam ist kein gesetzlicher Feiertag außer in folgenden katholisch geprägten Gemeinden des sorbischen Siedlungsgebietes im Landkreis Bautzen:
				Bautzen (nur in den Ortsteilen Bolbritz und Salzenforst), Crostwitz, Göda (nur im Ortsteil Prischwitz), Großdubrau (nur im Ortsteil Sdier), Hoyerswerda (nur im Ortsteil Dörgenhausen), Königswartha (nicht im Ortsteil Wartha), Nebelschütz, Neschwitz (nur in den Ortsteilen Neschwitz und Saritsch), Panschwitz-Kuckau, Puschwitz, Räckelwitz, Radibor, Ralbitz-Rosenthal und Wittichenau. Entscheidend ist dabei der Arbeitsort, nicht der Wohnort eines Arbeitnehmers.
				Die gesetzliche Grundlage für diese durch die Fronleichnamsverordnung festgelegte Regelung ergibt sich aus § 1 Abs. 1 des Sächsischen Feiertagsgesetzes.[5]"
2010,"SN","Tag der Deutschen Einheit","2010-10-03",""
2010,"SN","Reformationstag","2010-10-31",""
2010,"SN","Buß- und Bettag","2010-11-17",""
2010,"SN","1. Weihnachtstag","2010-12-25",""
2010,"SN","2. Weihnachtstag","2010-12-26",""
2010,"ST","Neujahrstag","2010-01-01",""
2010,"ST","Heilige Drei Könige","2010-01-06",""
2010,"ST","Karfreitag","2010-04-02",""
2010,"ST","Ostermontag","2010-04-05",""
2010,"ST","Tag der Arbeit","2010-05-01",""
2010,"ST","Christi Himmelfahrt","2010-05-13",""
2010,"ST","Pfingstmontag","2010-05-24",""
2010,"ST","Tag der Deutschen Einheit","2010-10-03",""
2010,"ST","Reformationstag","2010-10-31",""
2010,"ST","1. Weihnachtstag","2010-12-25",""
2010,"ST","2. Weihnachtstag","2010-12-26",""
2010,"TH","Neujahrstag","2010-01-01",""
2010,"TH","Karfreitag","2010-04-02",""
2010,"TH","Ostermontag","2010-04-05",""
2010,"TH","Tag der Arbeit","2010-05-01",""
2010,"TH","Christi Himmelfahrt","2010-05-13",""
2010,"TH","Pfingstmontag","2010-05-24",""
2010,"TH","Fronleichnam","2010-06-03","Fronleichnam ist kein gesetzlicher Feiertag außer im gesamten Landkreis Eichsfeld (79 Gemeinden am 31. Dezember 2013, Auflistung siehe dort) sowie in folgenden Gemeinden des Unstrut-Hainich-Kreises und des Wartburgkreises:
				Anrode (nur in den Ortsteilen Bickenriede und Zella), Brunnhartshausen (nur in den Ortsteilen Föhlritz und Steinberg), Buttlar, Dünwald (nur in den Ortsteilen Beberstedt und Hüpstedt), Geisa, Rodeberg (nur im Ortsteil Struth), Schleid, Südeichsfeld und Zella/Rhön.
				Die gesetzliche Grundlage für diese Regelung ergibt sich aus § 2 Abs. 2 und § 10 Abs. 1 des Thüringer Feiertagsgesetzes.[6]"
2010,"TH","Tag der Deutschen Einheit","2010-10-03",""
2010,"TH","Reformationstag","2010-10-31",""
2010,"TH","1. Weihnachtstag","2010-12-25",""
2010,"TH","2. Weihnachtstag","2010-12-26",""
2011,"BB","Neujahrstag","2011-01-01",""
2011,"BB","Karfreitag","2011-04-22",""
2011,"BB","Ostersonntag","2011-04-24",""
2011,"BB","Ostermontag","2011-04-25",""
2011,"BB","Tag der Arbeit","2011-05-01",""
2011,"BB","Christi Himmelfahrt","2011-06-02",""
2011,"BB","Pfingstsonntag","2011-06-12",""
2011,"BB","Pfingstmontag","2011-06-13",""
2011,"BB","Tag der Deutschen Einheit","2011-10-03",""
2011,"BB","Reformationstag","2011-10-31",""
2011,"BB","1. Weihnachtstag","2011-12-25",""
2011,"BB","2. Weihnachtstag","2011-12-26",""
2011,"BE","Neujahrstag","2011-01-01",""
2011,"BE","Karfreitag","2011-04-22",""
2011,"BE","Ostermontag","2011-04-25",""
2011,"BE","Tag der Arbeit","2011-05-01",""
2011,"BE","Christi Himmelfahrt","2011-06-02",""
2011,"BE","Pfingstmontag","2011-06-13",""
2011,"BE","Tag der Deutschen Einheit","2011-10-03",""
2011,"BE","1. Weihnachtstag","2011-12-25",""
2011,"BE","2. Weihnachtstag","2011-12-26",""
2011,"BW","Neujahrstag","2011-01-01",""
2011,"BW","Heilige Drei Könige","2011-01-06",""
2011,"BW","Karfreitag","2011-04-22",""
2011,"BW","Ostermontag","2011-04-25",""
2011,"BW","Tag der Arbeit","2011-05-01",""
2011,"BW","Christi Himmelfahrt","2011-06-02",""
2011,"BW","Pfingstmontag","2011-06-13",""
2011,"BW","Fronleichnam","2011-06-23",""
2011,"BW","Tag der Deutschen Einheit","2011-10-03",""
2011,"BW","Reformationstag","2011-10-31","Gemäß § 4 Abs. 3 des Feiertagsgesetzes von Baden-Württemberg[10] haben Schüler am Gründonnerstag und am Reformationstag schulfrei. In der Regel legt das Kultusministerium die Ferientermine so fest, dass diese beiden Tage in die Osterferien bzw. in die Herbstferien fallen."
2011,"BW","Allerheiligen","2011-11-01",""
2011,"BW","1. Weihnachtstag","2011-12-25",""
2011,"BW","2. Weihnachtstag","2011-12-26",""
2011,"BW","Gründonnerstag",NA,"Gemäß § 4 Abs. 3 des Feiertagsgesetzes von Baden-Württemberg[10] haben Schüler am Gründonnerstag und am Reformationstag schulfrei. In der Regel legt das Kultusministerium die Ferientermine so fest, dass diese beiden Tage in die Osterferien bzw. in die Herbstferien fallen."
2011,"BY","Neujahrstag","2011-01-01",""
2011,"BY","Heilige Drei Könige","2011-01-06",""
2011,"BY","Karfreitag","2011-04-22",""
2011,"BY","Ostermontag","2011-04-25",""
2011,"BY","Tag der Arbeit","2011-05-01",""
2011,"BY","Christi Himmelfahrt","2011-06-02",""
2011,"BY","Pfingstmontag","2011-06-13",""
2011,"BY","Fronleichnam","2011-06-23",""
2011,"BY","Augsburger Friedensfest","2011-08-08","Das Augsburger Friedensfest ist nur im Stadtgebiet Augsburg (nicht jedoch im angrenzenden Umland) gesetzlicher Feiertag (Art. 1 Abs. 2 Bayerisches Feiertagsgesetz[7])."
2011,"BY","Mariä Himmelfahrt","2011-08-15","Mariä Himmelfahrt ist in Bayern in von den derzeit 1704[8] (Zensus 2011, bis 2013: 1700) Gemeinden mit überwiegend katholischer Bevölkerung gesetzlicher Feiertag, in den restlichen 352 (Zensus 2011, bis 2013: 356) Gemeinden nicht. Gemäß Art. 1 Abs. 3 des Bayerischen Feiertagsgesetzes[7] ist es Aufgabe des Bayerischen Landesamtes für Statistik und Datenverarbeitung, festzustellen, in welchen Gemeinden Mariä Himmelfahrt gesetzlicher Feiertag ist. Die aktuelle Festlegung beruht auf dem Ergebnis der letzten in der Bundesrepublik Deutschland durchgeführten Volkszählung vom 25. Mai 1987. Gemäß Art 4. Abs. 3 des Bayerischen Feiertagsgesetzes entfällt im gesamten Bundesland zu Mariä Himmelfahrt an Schulen aller Gattungen der Unterricht. Diese Festlegung gilt ausdrücklich auch in den Teilen Bayerns, in denen dieser Tag kein gesetzlicher Feiertag ist. Eine Übersichtskarte aller Gemeinden, in denen Mariä Himmelfahrt ein Feiertag ist, kann beim Bayerischen Landesamt für Statistik und Datenverarbeitung heruntergeladen werden (Link siehe unter ""Weitere Weblinks"")."
2011,"BY","Tag der Deutschen Einheit","2011-10-03",""
2011,"BY","Allerheiligen","2011-11-01",""
2011,"BY","Buß- und Bettag","2011-11-16","Gemäß Art. 4 Nr. 3 des Bayerischen Feiertagsgesetzes[7] entfällt im gesamten Bundesland am Buß- und Bettag an allen Schulen der Unterricht."
2011,"BY","1. Weihnachtstag","2011-12-25",""
2011,"BY","2. Weihnachtstag","2011-12-26",""
2011,"HB","Neujahrstag","2011-01-01",""
2011,"HB","Karfreitag","2011-04-22",""
2011,"HB","Ostermontag","2011-04-25",""
2011,"HB","Tag der Arbeit","2011-05-01",""
2011,"HB","Christi Himmelfahrt","2011-06-02",""
2011,"HB","Pfingstmontag","2011-06-13",""
2011,"HB","Tag der Deutschen Einheit","2011-10-03",""
2011,"HB","1. Weihnachtstag","2011-12-25",""
2011,"HB","2. Weihnachtstag","2011-12-26",""
2011,"HE","Neujahrstag","2011-01-01",""
2011,"HE","Karfreitag","2011-04-22",""
2011,"HE","Ostermontag","2011-04-25",""
2011,"HE","Tag der Arbeit","2011-05-01",""
2011,"HE","Christi Himmelfahrt","2011-06-02",""
2011,"HE","Pfingstmontag","2011-06-13",""
2011,"HE","Fronleichnam","2011-06-23",""
2011,"HE","Tag der Deutschen Einheit","2011-10-03",""
2011,"HE","1. Weihnachtstag","2011-12-25",""
2011,"HE","2. Weihnachtstag","2011-12-26",""
2011,"HH","Neujahrstag","2011-01-01",""
2011,"HH","Karfreitag","2011-04-22",""
2011,"HH","Ostermontag","2011-04-25",""
2011,"HH","Tag der Arbeit","2011-05-01",""
2011,"HH","Christi Himmelfahrt","2011-06-02",""
2011,"HH","Pfingstmontag","2011-06-13",""
2011,"HH","Tag der Deutschen Einheit","2011-10-03",""
2011,"HH","1. Weihnachtstag","2011-12-25",""
2011,"HH","2. Weihnachtstag","2011-12-26",""
2011,"MV","Neujahrstag","2011-01-01",""
2011,"MV","Karfreitag","2011-04-22",""
2011,"MV","Ostermontag","2011-04-25",""
2011,"MV","Tag der Arbeit","2011-05-01",""
2011,"MV","Christi Himmelfahrt","2011-06-02",""
2011,"MV","Pfingstmontag","2011-06-13",""
2011,"MV","Tag der Deutschen Einheit","2011-10-03",""
2011,"MV","Reformationstag","2011-10-31",""
2011,"MV","1. Weihnachtstag","2011-12-25",""
2011,"MV","2. Weihnachtstag","2011-12-26",""
2011,"NI","Neujahrstag","2011-01-01",""
2011,"NI","Karfreitag","2011-04-22",""
2011,"NI","Ostermontag","2011-04-25",""
2011,"NI","Tag der Arbeit","2011-05-01",""
2011,"NI","Christi Himmelfahrt","2011-06-02",""
2011,"NI","Pfingstmontag","2011-06-13",""
2011,"NI","Tag der Deutschen Einheit","2011-10-03",""
2011,"NI","1. Weihnachtstag","2011-12-25",""
2011,"NI","2. Weihnachtstag","2011-12-26",""
2011,"NW","Neujahrstag","2011-01-01",""
2011,"NW","Karfreitag","2011-04-22",""
2011,"NW","Ostermontag","2011-04-25",""
2011,"NW","Tag der Arbeit","2011-05-01",""
2011,"NW","Christi Himmelfahrt","2011-06-02",""
2011,"NW","Pfingstmontag","2011-06-13",""
2011,"NW","Fronleichnam","2011-06-23",""
2011,"NW","Tag der Deutschen Einheit","2011-10-03",""
2011,"NW","Allerheiligen","2011-11-01",""
2011,"NW","1. Weihnachtstag","2011-12-25",""
2011,"NW","2. Weihnachtstag","2011-12-26",""
2011,"RP","Neujahrstag","2011-01-01",""
2011,"RP","Karfreitag","2011-04-22",""
2011,"RP","Ostermontag","2011-04-25",""
2011,"RP","Tag der Arbeit","2011-05-01",""
2011,"RP","Christi Himmelfahrt","2011-06-02",""
2011,"RP","Pfingstmontag","2011-06-13",""
2011,"RP","Fronleichnam","2011-06-23",""
2011,"RP","Tag der Deutschen Einheit","2011-10-03",""
2011,"RP","Allerheiligen","2011-11-01",""
2011,"RP","1. Weihnachtstag","2011-12-25",""
2011,"RP","2. Weihnachtstag","2011-12-26",""
2011,"SH","Neujahrstag","2011-01-01",""
2011,"SH","Karfreitag","2011-04-22",""
2011,"SH","Ostermontag","2011-04-25",""
2011,"SH","Tag der Arbeit","2011-05-01",""
2011,"SH","Christi Himmelfahrt","2011-06-02",""
2011,"SH","Pfingstmontag","2011-06-13",""
2011,"SH","Tag der Deutschen Einheit","2011-10-03",""
2011,"SH","1. Weihnachtstag","2011-12-25",""
2011,"SH","2. Weihnachtstag","2011-12-26",""
2011,"SL","Neujahrstag","2011-01-01",""
2011,"SL","Karfreitag","2011-04-22",""
2011,"SL","Ostermontag","2011-04-25",""
2011,"SL","Tag der Arbeit","2011-05-01",""
2011,"SL","Christi Himmelfahrt","2011-06-02",""
2011,"SL","Pfingstmontag","2011-06-13",""
2011,"SL","Fronleichnam","2011-06-23",""
2011,"SL","Mariä Himmelfahrt","2011-08-15",""
2011,"SL","Tag der Deutschen Einheit","2011-10-03",""
2011,"SL","Allerheiligen","2011-11-01",""
2011,"SL","1. Weihnachtstag","2011-12-25",""
2011,"SL","2. Weihnachtstag","2011-12-26",""
2011,"SN","Neujahrstag","2011-01-01",""
2011,"SN","Karfreitag","2011-04-22",""
2011,"SN","Ostermontag","2011-04-25",""
2011,"SN","Tag der Arbeit","2011-05-01",""
2011,"SN","Christi Himmelfahrt","2011-06-02",""
2011,"SN","Pfingstmontag","2011-06-13",""
2011,"SN","Fronleichnam","2011-06-23","Fronleichnam ist kein gesetzlicher Feiertag außer in folgenden katholisch geprägten Gemeinden des sorbischen Siedlungsgebietes im Landkreis Bautzen:
				Bautzen (nur in den Ortsteilen Bolbritz und Salzenforst), Crostwitz, Göda (nur im Ortsteil Prischwitz), Großdubrau (nur im Ortsteil Sdier), Hoyerswerda (nur im Ortsteil Dörgenhausen), Königswartha (nicht im Ortsteil Wartha), Nebelschütz, Neschwitz (nur in den Ortsteilen Neschwitz und Saritsch), Panschwitz-Kuckau, Puschwitz, Räckelwitz, Radibor, Ralbitz-Rosenthal und Wittichenau. Entscheidend ist dabei der Arbeitsort, nicht der Wohnort eines Arbeitnehmers.
				Die gesetzliche Grundlage für diese durch die Fronleichnamsverordnung festgelegte Regelung ergibt sich aus § 1 Abs. 1 des Sächsischen Feiertagsgesetzes.[5]"
2011,"SN","Tag der Deutschen Einheit","2011-10-03",""
2011,"SN","Reformationstag","2011-10-31",""
2011,"SN","Buß- und Bettag","2011-11-16",""
2011,"SN","1. Weihnachtstag","2011-12-25",""
2011,"SN","2. Weihnachtstag","2011-12-26",""
2011,"ST","Neujahrstag","2011-01-01",""
2011,"ST","Heilige Drei Könige","2011-01-06",""
2011,"ST","Karfreitag","2011-04-22",""
2011,"ST","Ostermontag","2011-04-25",""
2011,"ST","Tag der Arbeit","2011-05-01",""
2011,"ST","Christi Himmelfahrt","2011-06-02",""
2011,"ST","Pfingstmontag","2011-06-13",""
2011,"ST","Tag der Deutschen Einheit","2011-10-03",""
2011,"ST","Reformationstag","2011-10-31",""
2011,"ST","1. Weihnachtstag","2011-12-25",""
2011,"ST","2. Weihnachtstag","2011-12-26",""
2011,"TH","Neujahrstag","2011-01-01",""
2011,"TH","Karfreitag","2011-04-22",""
2011,"TH","Ostermontag","2011-04-25",""
2011,"TH","Tag der Arbeit","2011-05-01",""
2011,"TH","Christi Himmelfahrt","2011-06-02",""
2011,"TH","Pfingstmontag","2011-06-13",""
2011,"TH","Fronleichnam","2011-06-23","Fronleichnam ist kein gesetzlicher Feiertag außer im gesamten Landkreis Eichsfeld (79 Gemeinden am 31. Dezember 2013, Auflistung siehe dort) sowie in folgenden Gemeinden des Unstrut-Hainich-Kreises und des Wartburgkreises:
				Anrode (nur in den Ortsteilen Bickenriede und Zella), Brunnhartshausen (nur in den Ortsteilen Föhlritz und Steinberg), Buttlar, Dünwald (nur in den Ortsteilen Beberstedt und Hüpstedt), Geisa, Rodeberg (nur im Ortsteil Struth), Schleid, Südeichsfeld und Zella/Rhön.
				Die gesetzliche Grundlage für diese Regelung ergibt sich aus § 2 Abs. 2 und § 10 Abs. 1 des Thüringer Feiertagsgesetzes.[6]"
2011,"TH","Tag der Deutschen Einheit","2011-10-03",""
2011,"TH","Reformationstag","2011-10-31",""
2011,"TH","1. Weihnachtstag","2011-12-25",""
2011,"TH","2. Weihnachtstag","2011-12-26",""
2012,"BB","Neujahrstag","2012-01-01",""
2012,"BB","Karfreitag","2012-04-06",""
2012,"BB","Ostersonntag","2012-04-08",""
2012,"BB","Ostermontag","2012-04-09",""
2012,"BB","Tag der Arbeit","2012-05-01",""
2012,"BB","Christi Himmelfahrt","2012-05-17",""
2012,"BB","Pfingstsonntag","2012-05-27",""
2012,"BB","Pfingstmontag","2012-05-28",""
2012,"BB","Tag der Deutschen Einheit","2012-10-03",""
2012,"BB","Reformationstag","2012-10-31",""
2012,"BB","1. Weihnachtstag","2012-12-25",""
2012,"BB","2. Weihnachtstag","2012-12-26",""
2012,"BE","Neujahrstag","2012-01-01",""
2012,"BE","Karfreitag","2012-04-06",""
2012,"BE","Ostermontag","2012-04-09",""
2012,"BE","Tag der Arbeit","2012-05-01",""
2012,"BE","Christi Himmelfahrt","2012-05-17",""
2012,"BE","Pfingstmontag","2012-05-28",""
2012,"BE","Tag der Deutschen Einheit","2012-10-03",""
2012,"BE","1. Weihnachtstag","2012-12-25",""
2012,"BE","2. Weihnachtstag","2012-12-26",""
2012,"BW","Neujahrstag","2012-01-01",""
2012,"BW","Heilige Drei Könige","2012-01-06",""
2012,"BW","Karfreitag","2012-04-06",""
2012,"BW","Ostermontag","2012-04-09",""
2012,"BW","Tag der Arbeit","2012-05-01",""
2012,"BW","Christi Himmelfahrt","2012-05-17",""
2012,"BW","Pfingstmontag","2012-05-28",""
2012,"BW","Fronleichnam","2012-06-07",""
2012,"BW","Tag der Deutschen Einheit","2012-10-03",""
2012,"BW","Reformationstag","2012-10-31","Gemäß § 4 Abs. 3 des Feiertagsgesetzes von Baden-Württemberg[10] haben Schüler am Gründonnerstag und am Reformationstag schulfrei. In der Regel legt das Kultusministerium die Ferientermine so fest, dass diese beiden Tage in die Osterferien bzw. in die Herbstferien fallen."
2012,"BW","Allerheiligen","2012-11-01",""
2012,"BW","1. Weihnachtstag","2012-12-25",""
2012,"BW","2. Weihnachtstag","2012-12-26",""
2012,"BW","Gründonnerstag",NA,"Gemäß § 4 Abs. 3 des Feiertagsgesetzes von Baden-Württemberg[10] haben Schüler am Gründonnerstag und am Reformationstag schulfrei. In der Regel legt das Kultusministerium die Ferientermine so fest, dass diese beiden Tage in die Osterferien bzw. in die Herbstferien fallen."
2012,"BY","Neujahrstag","2012-01-01",""
2012,"BY","Heilige Drei Könige","2012-01-06",""
2012,"BY","Karfreitag","2012-04-06",""
2012,"BY","Ostermontag","2012-04-09",""
2012,"BY","Tag der Arbeit","2012-05-01",""
2012,"BY","Christi Himmelfahrt","2012-05-17",""
2012,"BY","Pfingstmontag","2012-05-28",""
2012,"BY","Fronleichnam","2012-06-07",""
2012,"BY","Augsburger Friedensfest","2012-08-08","Das Augsburger Friedensfest ist nur im Stadtgebiet Augsburg (nicht jedoch im angrenzenden Umland) gesetzlicher Feiertag (Art. 1 Abs. 2 Bayerisches Feiertagsgesetz[7])."
2012,"BY","Mariä Himmelfahrt","2012-08-15","Mariä Himmelfahrt ist in Bayern in von den derzeit 1704[8] (Zensus 2011, bis 2013: 1700) Gemeinden mit überwiegend katholischer Bevölkerung gesetzlicher Feiertag, in den restlichen 352 (Zensus 2011, bis 2013: 356) Gemeinden nicht. Gemäß Art. 1 Abs. 3 des Bayerischen Feiertagsgesetzes[7] ist es Aufgabe des Bayerischen Landesamtes für Statistik und Datenverarbeitung, festzustellen, in welchen Gemeinden Mariä Himmelfahrt gesetzlicher Feiertag ist. Die aktuelle Festlegung beruht auf dem Ergebnis der letzten in der Bundesrepublik Deutschland durchgeführten Volkszählung vom 25. Mai 1987. Gemäß Art 4. Abs. 3 des Bayerischen Feiertagsgesetzes entfällt im gesamten Bundesland zu Mariä Himmelfahrt an Schulen aller Gattungen der Unterricht. Diese Festlegung gilt ausdrücklich auch in den Teilen Bayerns, in denen dieser Tag kein gesetzlicher Feiertag ist. Eine Übersichtskarte aller Gemeinden, in denen Mariä Himmelfahrt ein Feiertag ist, kann beim Bayerischen Landesamt für Statistik und Datenverarbeitung heruntergeladen werden (Link siehe unter ""Weitere Weblinks"")."
2012,"BY","Tag der Deutschen Einheit","2012-10-03",""
2012,"BY","Allerheiligen","2012-11-01",""
2012,"BY","Buß- und Bettag","2012-11-21","Gemäß Art. 4 Nr. 3 des Bayerischen Feiertagsgesetzes[7] entfällt im gesamten Bundesland am Buß- und Bettag an allen Schulen der Unterricht."
2012,"BY","1. Weihnachtstag","2012-12-25",""
2012,"BY","2. Weihnachtstag","2012-12-26",""
2012,"HB","Neujahrstag","2012-01-01",""
2012,"HB","Karfreitag","2012-04-06",""
2012,"HB","Ostermontag","2012-04-09",""
2012,"HB","Tag der Arbeit","2012-05-01",""
2012,"HB","Christi Himmelfahrt","2012-05-17",""
2012,"HB","Pfingstmontag","2012-05-28",""
2012,"HB","Tag der Deutschen Einheit","2012-10-03",""
2012,"HB","1. Weihnachtstag","2012-12-25",""
2012,"HB","2. Weihnachtstag","2012-12-26",""
2012,"HE","Neujahrstag","2012-01-01",""
2012,"HE","Karfreitag","2012-04-06",""
2012,"HE","Ostermontag","2012-04-09",""
2012,"HE","Tag der Arbeit","2012-05-01",""
2012,"HE","Christi Himmelfahrt","2012-05-17",""
2012,"HE","Pfingstmontag","2012-05-28",""
2012,"HE","Fronleichnam","2012-06-07",""
2012,"HE","Tag der Deutschen Einheit","2012-10-03",""
2012,"HE","1. Weihnachtstag","2012-12-25",""
2012,"HE","2. Weihnachtstag","2012-12-26",""
2012,"HH","Neujahrstag","2012-01-01",""
2012,"HH","Karfreitag","2012-04-06",""
2012,"HH","Ostermontag","2012-04-09",""
2012,"HH","Tag der Arbeit","2012-05-01",""
2012,"HH","Christi Himmelfahrt","2012-05-17",""
2012,"HH","Pfingstmontag","2012-05-28",""
2012,"HH","Tag der Deutschen Einheit","2012-10-03",""
2012,"HH","1. Weihnachtstag","2012-12-25",""
2012,"HH","2. Weihnachtstag","2012-12-26",""
2012,"MV","Neujahrstag","2012-01-01",""
2012,"MV","Karfreitag","2012-04-06",""
2012,"MV","Ostermontag","2012-04-09",""
2012,"MV","Tag der Arbeit","2012-05-01",""
2012,"MV","Christi Himmelfahrt","2012-05-17",""
2012,"MV","Pfingstmontag","2012-05-28",""
2012,"MV","Tag der Deutschen Einheit","2012-10-03",""
2012,"MV","Reformationstag","2012-10-31",""
2012,"MV","1. Weihnachtstag","2012-12-25",""
2012,"MV","2. Weihnachtstag","2012-12-26",""
2012,"NI","Neujahrstag","2012-01-01",""
2012,"NI","Karfreitag","2012-04-06",""
2012,"NI","Ostermontag","2012-04-09",""
2012,"NI","Tag der Arbeit","2012-05-01",""
2012,"NI","Christi Himmelfahrt","2012-05-17",""
2012,"NI","Pfingstmontag","2012-05-28",""
2012,"NI","Tag der Deutschen Einheit","2012-10-03",""
2012,"NI","1. Weihnachtstag","2012-12-25",""
2012,"NI","2. Weihnachtstag","2012-12-26",""
2012,"NW","Neujahrstag","2012-01-01",""
2012,"NW","Karfreitag","2012-04-06",""
2012,"NW","Ostermontag","2012-04-09",""
2012,"NW","Tag der Arbeit","2012-05-01",""
2012,"NW","Christi Himmelfahrt","2012-05-17",""
2012,"NW","Pfingstmontag","2012-05-28",""
2012,"NW","Fronleichnam","2012-06-07",""
2012,"NW","Tag der Deutschen Einheit","2012-10-03",""
2012,"NW","Allerheiligen","2012-11-01",""
2012,"NW","1. Weihnachtstag","2012-12-25",""
2012,"NW","2. Weihnachtstag","2012-12-26",""
2012,"RP","Neujahrstag","2012-01-01",""
2012,"RP","Karfreitag","2012-04-06",""
2012,"RP","Ostermontag","2012-04-09",""
2012,"RP","Tag der Arbeit","2012-05-01",""
2012,"RP","Christi Himmelfahrt","2012-05-17",""
2012,"RP","Pfingstmontag","2012-05-28",""
2012,"RP","Fronleichnam","2012-06-07",""
2012,"RP","Tag der Deutschen Einheit","2012-10-03",""
2012,"RP","Allerheiligen","2012-11-01",""
2012,"RP","1. Weihnachtstag","2012-12-25",""
2012,"RP","2. Weihnachtstag","2012-12-26",""
2012,"SH","Neujahrstag","2012-01-01",""
2012,"SH","Karfreitag","2012-04-06",""
2012,"SH","Ostermontag","2012-04-09",""
2012,"SH","Tag der Arbeit","2012-05-01",""
2012,"SH","Christi Himmelfahrt","2012-05-17",""
2012,"SH","Pfingstmontag","2012-05-28",""
2012,"SH","Tag der Deutschen Einheit","2012-10-03",""
2012,"SH","1. Weihnachtstag","2012-12-25",""
2012,"SH","2. Weihnachtstag","2012-12-26",""
2012,"SL","Neujahrstag","2012-01-01",""
2012,"SL","Karfreitag","2012-04-06",""
2012,"SL","Ostermontag","2012-04-09",""
2012,"SL","Tag der Arbeit","2012-05-01",""
2012,"SL","Christi Himmelfahrt","2012-05-17",""
2012,"SL","Pfingstmontag","2012-05-28",""
2012,"SL","Fronleichnam","2012-06-07",""
2012,"SL","Mariä Himmelfahrt","2012-08-15",""
2012,"SL","Tag der Deutschen Einheit","2012-10-03",""
2012,"SL","Allerheiligen","2012-11-01",""
2012,"SL","1. Weihnachtstag","2012-12-25",""
2012,"SL","2. Weihnachtstag","2012-12-26",""
2012,"SN","Neujahrstag","2012-01-01",""
2012,"SN","Karfreitag","2012-04-06",""
2012,"SN","Ostermontag","2012-04-09",""
2012,"SN","Tag der Arbeit","2012-05-01",""
2012,"SN","Christi Himmelfahrt","2012-05-17",""
2012,"SN","Pfingstmontag","2012-05-28",""
2012,"SN","Fronleichnam","2012-06-07","Fronleichnam ist kein gesetzlicher Feiertag außer in folgenden katholisch geprägten Gemeinden des sorbischen Siedlungsgebietes im Landkreis Bautzen:
				Bautzen (nur in den Ortsteilen Bolbritz und Salzenforst), Crostwitz, Göda (nur im Ortsteil Prischwitz), Großdubrau (nur im Ortsteil Sdier), Hoyerswerda (nur im Ortsteil Dörgenhausen), Königswartha (nicht im Ortsteil Wartha), Nebelschütz, Neschwitz (nur in den Ortsteilen Neschwitz und Saritsch), Panschwitz-Kuckau, Puschwitz, Räckelwitz, Radibor, Ralbitz-Rosenthal und Wittichenau. Entscheidend ist dabei der Arbeitsort, nicht der Wohnort eines Arbeitnehmers.
				Die gesetzliche Grundlage für diese durch die Fronleichnamsverordnung festgelegte Regelung ergibt sich aus § 1 Abs. 1 des Sächsischen Feiertagsgesetzes.[5]"
2012,"SN","Tag der Deutschen Einheit","2012-10-03",""
2012,"SN","Reformationstag","2012-10-31",""
2012,"SN","Buß- und Bettag","2012-11-21",""
2012,"SN","1. Weihnachtstag","2012-12-25",""
2012,"SN","2. Weihnachtstag","2012-12-26",""
2012,"ST","Neujahrstag","2012-01-01",""
2012,"ST","Heilige Drei Könige","2012-01-06",""
2012,"ST","Karfreitag","2012-04-06",""
2012,"ST","Ostermontag","2012-04-09",""
2012,"ST","Tag der Arbeit","2012-05-01",""
2012,"ST","Christi Himmelfahrt","2012-05-17",""
2012,"ST","Pfingstmontag","2012-05-28",""
2012,"ST","Tag der Deutschen Einheit","2012-10-03",""
2012,"ST","Reformationstag","2012-10-31",""
2012,"ST","1. Weihnachtstag","2012-12-25",""
2012,"ST","2. Weihnachtstag","2012-12-26",""
2012,"TH","Neujahrstag","2012-01-01",""
2012,"TH","Karfreitag","2012-04-06",""
2012,"TH","Ostermontag","2012-04-09",""
2012,"TH","Tag der Arbeit","2012-05-01",""
2012,"TH","Christi Himmelfahrt","2012-05-17",""
2012,"TH","Pfingstmontag","2012-05-28",""
2012,"TH","Fronleichnam","2012-06-07","Fronleichnam ist kein gesetzlicher Feiertag außer im gesamten Landkreis Eichsfeld (79 Gemeinden am 31. Dezember 2013, Auflistung siehe dort) sowie in folgenden Gemeinden des Unstrut-Hainich-Kreises und des Wartburgkreises:
				Anrode (nur in den Ortsteilen Bickenriede und Zella), Brunnhartshausen (nur in den Ortsteilen Föhlritz und Steinberg), Buttlar, Dünwald (nur in den Ortsteilen Beberstedt und Hüpstedt), Geisa, Rodeberg (nur im Ortsteil Struth), Schleid, Südeichsfeld und Zella/Rhön.
				Die gesetzliche Grundlage für diese Regelung ergibt sich aus § 2 Abs. 2 und § 10 Abs. 1 des Thüringer Feiertagsgesetzes.[6]"
2012,"TH","Tag der Deutschen Einheit","2012-10-03",""
2012,"TH","Reformationstag","2012-10-31",""
2012,"TH","1. Weihnachtstag","2012-12-25",""
2012,"TH","2. Weihnachtstag","2012-12-26",""
2013,"BB","Neujahrstag","2013-01-01",""
2013,"BB","Karfreitag","2013-03-29",""
2013,"BB","Ostersonntag","2013-03-31",""
2013,"BB","Ostermontag","2013-04-01",""
2013,"BB","Tag der Arbeit","2013-05-01",""
2013,"BB","Christi Himmelfahrt","2013-05-09",""
2013,"BB","Pfingstsonntag","2013-05-19",""
2013,"BB","Pfingstmontag","2013-05-20",""
2013,"BB","Tag der Deutschen Einheit","2013-10-03",""
2013,"BB","Reformationstag","2013-10-31",""
2013,"BB","1. Weihnachtstag","2013-12-25",""
2013,"BB","2. Weihnachtstag","2013-12-26",""
2013,"BE","Neujahrstag","2013-01-01",""
2013,"BE","Karfreitag","2013-03-29",""
2013,"BE","Ostermontag","2013-04-01",""
2013,"BE","Tag der Arbeit","2013-05-01",""
2013,"BE","Christi Himmelfahrt","2013-05-09",""
2013,"BE","Pfingstmontag","2013-05-20",""
2013,"BE","Tag der Deutschen Einheit","2013-10-03",""
2013,"BE","1. Weihnachtstag","2013-12-25",""
2013,"BE","2. Weihnachtstag","2013-12-26",""
2013,"BW","Neujahrstag","2013-01-01",""
2013,"BW","Heilige Drei Könige","2013-01-06",""
2013,"BW","Karfreitag","2013-03-29",""
2013,"BW","Ostermontag","2013-04-01",""
2013,"BW","Tag der Arbeit","2013-05-01",""
2013,"BW","Christi Himmelfahrt","2013-05-09",""
2013,"BW","Pfingstmontag","2013-05-20",""
2013,"BW","Fronleichnam","2013-05-30",""
2013,"BW","Tag der Deutschen Einheit","2013-10-03",""
2013,"BW","Reformationstag","2013-10-31","Gemäß § 4 Abs. 3 des Feiertagsgesetzes von Baden-Württemberg[10] haben Schüler am Gründonnerstag und am Reformationstag schulfrei. In der Regel legt das Kultusministerium die Ferientermine so fest, dass diese beiden Tage in die Osterferien bzw. in die Herbstferien fallen."
2013,"BW","Allerheiligen","2013-11-01",""
2013,"BW","1. Weihnachtstag","2013-12-25",""
2013,"BW","2. Weihnachtstag","2013-12-26",""
2013,"BW","Gründonnerstag",NA,"Gemäß § 4 Abs. 3 des Feiertagsgesetzes von Baden-Württemberg[10] haben Schüler am Gründonnerstag und am Reformationstag schulfrei. In der Regel legt das Kultusministerium die Ferientermine so fest, dass diese beiden Tage in die Osterferien bzw. in die Herbstferien fallen."
2013,"BY","Neujahrstag","2013-01-01",""
2013,"BY","Heilige Drei Könige","2013-01-06",""
2013,"BY","Karfreitag","2013-03-29",""
2013,"BY","Ostermontag","2013-04-01",""
2013,"BY","Tag der Arbeit","2013-05-01",""
2013,"BY","Christi Himmelfahrt","2013-05-09",""
2013,"BY","Pfingstmontag","2013-05-20",""
2013,"BY","Fronleichnam","2013-05-30",""
2013,"BY","Augsburger Friedensfest","2013-08-08","Das Augsburger Friedensfest ist nur im Stadtgebiet Augsburg (nicht jedoch im angrenzenden Umland) gesetzlicher Feiertag (Art. 1 Abs. 2 Bayerisches Feiertagsgesetz[7])."
2013,"BY","Mariä Himmelfahrt","2013-08-15","Mariä Himmelfahrt ist in Bayern in von den derzeit 1704[8] (Zensus 2011, bis 2013: 1700) Gemeinden mit überwiegend katholischer Bevölkerung gesetzlicher Feiertag, in den restlichen 352 (Zensus 2011, bis 2013: 356) Gemeinden nicht. Gemäß Art. 1 Abs. 3 des Bayerischen Feiertagsgesetzes[7] ist es Aufgabe des Bayerischen Landesamtes für Statistik und Datenverarbeitung, festzustellen, in welchen Gemeinden Mariä Himmelfahrt gesetzlicher Feiertag ist. Die aktuelle Festlegung beruht auf dem Ergebnis der letzten in der Bundesrepublik Deutschland durchgeführten Volkszählung vom 25. Mai 1987. Gemäß Art 4. Abs. 3 des Bayerischen Feiertagsgesetzes entfällt im gesamten Bundesland zu Mariä Himmelfahrt an Schulen aller Gattungen der Unterricht. Diese Festlegung gilt ausdrücklich auch in den Teilen Bayerns, in denen dieser Tag kein gesetzlicher Feiertag ist. Eine Übersichtskarte aller Gemeinden, in denen Mariä Himmelfahrt ein Feiertag ist, kann beim Bayerischen Landesamt für Statistik und Datenverarbeitung heruntergeladen werden (Link siehe unter ""Weitere Weblinks"")."
2013,"BY","Tag der Deutschen Einheit","2013-10-03",""
2013,"BY","Allerheiligen","2013-11-01",""
2013,"BY","Buß- und Bettag","2013-11-20","Gemäß Art. 4 Nr. 3 des Bayerischen Feiertagsgesetzes[7] entfällt im gesamten Bundesland am Buß- und Bettag an allen Schulen der Unterricht."
2013,"BY","1. Weihnachtstag","2013-12-25",""
2013,"BY","2. Weihnachtstag","2013-12-26",""
2013,"HB","Neujahrstag","2013-01-01",""
2013,"HB","Karfreitag","2013-03-29",""
2013,"HB","Ostermontag","2013-04-01",""
2013,"HB","Tag der Arbeit","2013-05-01",""
2013,"HB","Christi Himmelfahrt","2013-05-09",""
2013,"HB","Pfingstmontag","2013-05-20",""
2013,"HB","Tag der Deutschen Einheit","2013-10-03",""
2013,"HB","1. Weihnachtstag","2013-12-25",""
2013,"HB","2. Weihnachtstag","2013-12-26",""
2013,"HE","Neujahrstag","2013-01-01",""
2013,"HE","Karfreitag","2013-03-29",""
2013,"HE","Ostermontag","2013-04-01",""
2013,"HE","Tag der Arbeit","2013-05-01",""
2013,"HE","Christi Himmelfahrt","2013-05-09",""
2013,"HE","Pfingstmontag","2013-05-20",""
2013,"HE","Fronleichnam","2013-05-30",""
2013,"HE","Tag der Deutschen Einheit","2013-10-03",""
2013,"HE","1. Weihnachtstag","2013-12-25",""
2013,"HE","2. Weihnachtstag","2013-12-26",""
2013,"HH","Neujahrstag","2013-01-01",""
2013,"HH","Karfreitag","2013-03-29",""
2013,"HH","Ostermontag","2013-04-01",""
2013,"HH","Tag der Arbeit","2013-05-01",""
2013,"HH","Christi Himmelfahrt","2013-05-09",""
2013,"HH","Pfingstmontag","2013-05-20",""
2013,"HH","Tag der Deutschen Einheit","2013-10-03",""
2013,"HH","1. Weihnachtstag","2013-12-25",""
2013,"HH","2. Weihnachtstag","2013-12-26",""
2013,"MV","Neujahrstag","2013-01-01",""
2013,"MV","Karfreitag","2013-03-29",""
2013,"MV","Ostermontag","2013-04-01",""
2013,"MV","Tag der Arbeit","2013-05-01",""
2013,"MV","Christi Himmelfahrt","2013-05-09",""
2013,"MV","Pfingstmontag","2013-05-20",""
2013,"MV","Tag der Deutschen Einheit","2013-10-03",""
2013,"MV","Reformationstag","2013-10-31",""
2013,"MV","1. Weihnachtstag","2013-12-25",""
2013,"MV","2. Weihnachtstag","2013-12-26",""
2013,"NI","Neujahrstag","2013-01-01",""
2013,"NI","Karfreitag","2013-03-29",""
2013,"NI","Ostermontag","2013-04-01",""
2013,"NI","Tag der Arbeit","2013-05-01",""
2013,"NI","Christi Himmelfahrt","2013-05-09",""
2013,"NI","Pfingstmontag","2013-05-20",""
2013,"NI","Tag der Deutschen Einheit","2013-10-03",""
2013,"NI","1. Weihnachtstag","2013-12-25",""
2013,"NI","2. Weihnachtstag","2013-12-26",""
2013,"NW","Neujahrstag","2013-01-01",""
2013,"NW","Karfreitag","2013-03-29",""
2013,"NW","Ostermontag","2013-04-01",""
2013,"NW","Tag der Arbeit","2013-05-01",""
2013,"NW","Christi Himmelfahrt","2013-05-09",""
2013,"NW","Pfingstmontag","2013-05-20",""
2013,"NW","Fronleichnam","2013-05-30",""
2013,"NW","Tag der Deutschen Einheit","2013-10-03",""
2013,"NW","Allerheiligen","2013-11-01",""
2013,"NW","1. Weihnachtstag","2013-12-25",""
2013,"NW","2. Weihnachtstag","2013-12-26",""
2013,"RP","Neujahrstag","2013-01-01",""
2013,"RP","Karfreitag","2013-03-29",""
2013,"RP","Ostermontag","2013-04-01",""
2013,"RP","Tag der Arbeit","2013-05-01",""
2013,"RP","Christi Himmelfahrt","2013-05-09",""
2013,"RP","Pfingstmontag","2013-05-20",""
2013,"RP","Fronleichnam","2013-05-30",""
2013,"RP","Tag der Deutschen Einheit","2013-10-03",""
2013,"RP","Allerheiligen","2013-11-01",""
2013,"RP","1. Weihnachtstag","2013-12-25",""
2013,"RP","2. Weihnachtstag","2013-12-26",""
2013,"SH","Neujahrstag","2013-01-01",""
2013,"SH","Karfreitag","2013-03-29",""
2013,"SH","Ostermontag","2013-04-01",""
2013,"SH","Tag der Arbeit","2013-05-01",""
2013,"SH","Christi Himmelfahrt","2013-05-09",""
2013,"SH","Pfingstmontag","2013-05-20",""
2013,"SH","Tag der Deutschen Einheit","2013-10-03",""
2013,"SH","1. Weihnachtstag","2013-12-25",""
2013,"SH","2. Weihnachtstag","2013-12-26",""
2013,"SL","Neujahrstag","2013-01-01",""
2013,"SL","Karfreitag","2013-03-29",""
2013,"SL","Ostermontag","2013-04-01",""
2013,"SL","Tag der Arbeit","2013-05-01",""
2013,"SL","Christi Himmelfahrt","2013-05-09",""
2013,"SL","Pfingstmontag","2013-05-20",""
2013,"SL","Fronleichnam","2013-05-30",""
2013,"SL","Mariä Himmelfahrt","2013-08-15",""
2013,"SL","Tag der Deutschen Einheit","2013-10-03",""
2013,"SL","Allerheiligen","2013-11-01",""
2013,"SL","1. Weihnachtstag","2013-12-25",""
2013,"SL","2. Weihnachtstag","2013-12-26",""
2013,"SN","Neujahrstag","2013-01-01",""
2013,"SN","Karfreitag","2013-03-29",""
2013,"SN","Ostermontag","2013-04-01",""
2013,"SN","Tag der Arbeit","2013-05-01",""
2013,"SN","Christi Himmelfahrt","2013-05-09",""
2013,"SN","Pfingstmontag","2013-05-20",""
2013,"SN","Fronleichnam","2013-05-30","Fronleichnam ist kein gesetzlicher Feiertag außer in folgenden katholisch geprägten Gemeinden des sorbischen Siedlungsgebietes im Landkreis Bautzen:
				Bautzen (nur in den Ortsteilen Bolbritz und Salzenforst), Crostwitz, Göda (nur im Ortsteil Prischwitz), Großdubrau (nur im Ortsteil Sdier), Hoyerswerda (nur im Ortsteil Dörgenhausen), Königswartha (nicht im Ortsteil Wartha), Nebelschütz, Neschwitz (nur in den Ortsteilen Neschwitz und Saritsch), Panschwitz-Kuckau, Puschwitz, Räckelwitz, Radibor, Ralbitz-Rosenthal und Wittichenau. Entscheidend ist dabei der Arbeitsort, nicht der Wohnort eines Arbeitnehmers.
				Die gesetzliche Grundlage für diese durch die Fronleichnamsverordnung festgelegte Regelung ergibt sich aus § 1 Abs. 1 des Sächsischen Feiertagsgesetzes.[5]"
2013,"SN","Tag der Deutschen Einheit","2013-10-03",""
2013,"SN","Reformationstag","2013-10-31",""
2013,"SN","Buß- und Bettag","2013-11-20",""
2013,"SN","1. Weihnachtstag","2013-12-25",""
2013,"SN","2. Weihnachtstag","2013-12-26",""
2013,"ST","Neujahrstag","2013-01-01",""
2013,"ST","Heilige Drei Könige","2013-01-06",""
2013,"ST","Karfreitag","2013-03-29",""
2013,"ST","Ostermontag","2013-04-01",""
2013,"ST","Tag der Arbeit","2013-05-01",""
2013,"ST","Christi Himmelfahrt","2013-05-09",""
2013,"ST","Pfingstmontag","2013-05-20",""
2013,"ST","Tag der Deutschen Einheit","2013-10-03",""
2013,"ST","Reformationstag","2013-10-31",""
2013,"ST","1. Weihnachtstag","2013-12-25",""
2013,"ST","2. Weihnachtstag","2013-12-26",""
2013,"TH","Neujahrstag","2013-01-01",""
2013,"TH","Karfreitag","2013-03-29",""
2013,"TH","Ostermontag","2013-04-01",""
2013,"TH","Tag der Arbeit","2013-05-01",""
2013,"TH","Christi Himmelfahrt","2013-05-09",""
2013,"TH","Pfingstmontag","2013-05-20",""
2013,"TH","Fronleichnam","2013-05-30","Fronleichnam ist kein gesetzlicher Feiertag außer im gesamten Landkreis Eichsfeld (79 Gemeinden am 31. Dezember 2013, Auflistung siehe dort) sowie in folgenden Gemeinden des Unstrut-Hainich-Kreises und des Wartburgkreises:
				Anrode (nur in den Ortsteilen Bickenriede und Zella), Brunnhartshausen (nur in den Ortsteilen Föhlritz und Steinberg), Buttlar, Dünwald (nur in den Ortsteilen Beberstedt und Hüpstedt), Geisa, Rodeberg (nur im Ortsteil Struth), Schleid, Südeichsfeld und Zella/Rhön.
				Die gesetzliche Grundlage für diese Regelung ergibt sich aus § 2 Abs. 2 und § 10 Abs. 1 des Thüringer Feiertagsgesetzes.[6]"
2013,"TH","Tag der Deutschen Einheit","2013-10-03",""
2013,"TH","Reformationstag","2013-10-31",""
2013,"TH","1. Weihnachtstag","2013-12-25",""
2013,"TH","2. Weihnachtstag","2013-12-26",""
2014,"BB","Neujahrstag","2014-01-01",""
2014,"BB","Karfreitag","2014-04-18",""
2014,"BB","Ostersonntag","2014-04-20",""
2014,"BB","Ostermontag","2014-04-21",""
2014,"BB","Tag der Arbeit","2014-05-01",""
2014,"BB","Christi Himmelfahrt","2014-05-29",""
2014,"BB","Pfingstsonntag","2014-06-08",""
2014,"BB","Pfingstmontag","2014-06-09",""
2014,"BB","Tag der Deutschen Einheit","2014-10-03",""
2014,"BB","Reformationstag","2014-10-31",""
2014,"BB","1. Weihnachtstag","2014-12-25",""
2014,"BB","2. Weihnachtstag","2014-12-26",""
2014,"BE","Neujahrstag","2014-01-01",""
2014,"BE","Karfreitag","2014-04-18",""
2014,"BE","Ostermontag","2014-04-21",""
2014,"BE","Tag der Arbeit","2014-05-01",""
2014,"BE","Christi Himmelfahrt","2014-05-29",""
2014,"BE","Pfingstmontag","2014-06-09",""
2014,"BE","Tag der Deutschen Einheit","2014-10-03",""
2014,"BE","1. Weihnachtstag","2014-12-25",""
2014,"BE","2. Weihnachtstag","2014-12-26",""
2014,"BW","Neujahrstag","2014-01-01",""
2014,"BW","Heilige Drei Könige","2014-01-06",""
2014,"BW","Karfreitag","2014-04-18",""
2014,"BW","Ostermontag","2014-04-21",""
2014,"BW","Tag der Arbeit","2014-05-01",""
2014,"BW","Christi Himmelfahrt","2014-05-29",""
2014,"BW","Pfingstmontag","2014-06-09",""
2014,"BW","Fronleichnam","2014-06-19",""
2014,"BW","Tag der Deutschen Einheit","2014-10-03",""
2014,"BW","Reformationstag","2014-10-31","Gemäß § 4 Abs. 3 des Feiertagsgesetzes von Baden-Württemberg[10] haben Schüler am Gründonnerstag und am Reformationstag schulfrei. In der Regel legt das Kultusministerium die Ferientermine so fest, dass diese beiden Tage in die Osterferien bzw. in die Herbstferien fallen."
2014,"BW","Allerheiligen","2014-11-01",""
2014,"BW","1. Weihnachtstag","2014-12-25",""
2014,"BW","2. Weihnachtstag","2014-12-26",""
2014,"BW","Gründonnerstag",NA,"Gemäß § 4 Abs. 3 des Feiertagsgesetzes von Baden-Württemberg[10] haben Schüler am Gründonnerstag und am Reformationstag schulfrei. In der Regel legt das Kultusministerium die Ferientermine so fest, dass diese beiden Tage in die Osterferien bzw. in die Herbstferien fallen."
2014,"BY","Neujahrstag","2014-01-01",""
2014,"BY","Heilige Drei Könige","2014-01-06",""
2014,"BY","Karfreitag","2014-04-18",""
2014,"BY","Ostermontag","2014-04-21",""
2014,"BY","Tag der Arbeit","2014-05-01",""
2014,"BY","Christi Himmelfahrt","2014-05-29",""
2014,"BY","Pfingstmontag","2014-06-09",""
2014,"BY","Fronleichnam","2014-06-19",""
2014,"BY","Augsburger Friedensfest","2014-08-08","Das Augsburger Friedensfest ist nur im Stadtgebiet Augsburg (nicht jedoch im angrenzenden Umland) gesetzlicher Feiertag (Art. 1 Abs. 2 Bayerisches Feiertagsgesetz[7])."
2014,"BY","Mariä Himmelfahrt","2014-08-15","Mariä Himmelfahrt ist in Bayern in von den derzeit 1704[8] (Zensus 2011, bis 2013: 1700) Gemeinden mit überwiegend katholischer Bevölkerung gesetzlicher Feiertag, in den restlichen 352 (Zensus 2011, bis 2013: 356) Gemeinden nicht. Gemäß Art. 1 Abs. 3 des Bayerischen Feiertagsgesetzes[7] ist es Aufgabe des Bayerischen Landesamtes für Statistik und Datenverarbeitung, festzustellen, in welchen Gemeinden Mariä Himmelfahrt gesetzlicher Feiertag ist. Die aktuelle Festlegung beruht auf dem Ergebnis der letzten in der Bundesrepublik Deutschland durchgeführten Volkszählung vom 25. Mai 1987. Gemäß Art 4. Abs. 3 des Bayerischen Feiertagsgesetzes entfällt im gesamten Bundesland zu Mariä Himmelfahrt an Schulen aller Gattungen der Unterricht. Diese Festlegung gilt ausdrücklich auch in den Teilen Bayerns, in denen dieser Tag kein gesetzlicher Feiertag ist. Eine Übersichtskarte aller Gemeinden, in denen Mariä Himmelfahrt ein Feiertag ist, kann beim Bayerischen Landesamt für Statistik und Datenverarbeitung heruntergeladen werden (Link siehe unter ""Weitere Weblinks"")."
2014,"BY","Tag der Deutschen Einheit","2014-10-03",""
2014,"BY","Allerheiligen","2014-11-01",""
2014,"BY","Buß- und Bettag","2014-11-19","Gemäß Art. 4 Nr. 3 des Bayerischen Feiertagsgesetzes[7] entfällt im gesamten Bundesland am Buß- und Bettag an allen Schulen der Unterricht."
2014,"BY","1. Weihnachtstag","2014-12-25",""
2014,"BY","2. Weihnachtstag","2014-12-26",""
2014,"HB","Neujahrstag","2014-01-01",""
2014,"HB","Karfreitag","2014-04-18",""
2014,"HB","Ostermontag","2014-04-21",""
2014,"HB","Tag der Arbeit","2014-05-01",""
2014,"HB","Christi Himmelfahrt","2014-05-29",""
2014,"HB","Pfingstmontag","2014-06-09",""
2014,"HB","Tag der Deutschen Einheit","2014-10-03",""
2014,"HB","1. Weihnachtstag","2014-12-25",""
2014,"HB","2. Weihnachtstag","2014-12-26",""
2014,"HE","Neujahrstag","2014-01-01",""
2014,"HE","Karfreitag","2014-04-18",""
2014,"HE","Ostermontag","2014-04-21",""
2014,"HE","Tag der Arbeit","2014-05-01",""
2014,"HE","Christi Himmelfahrt","2014-05-29",""
2014,"HE","Pfingstmontag","2014-06-09",""
2014,"HE","Fronleichnam","2014-06-19",""
2014,"HE","Tag der Deutschen Einheit","2014-10-03",""
2014,"HE","1. Weihnachtstag","2014-12-25",""
2014,"HE","2. Weihnachtstag","2014-12-26",""
2014,"HH","Neujahrstag","2014-01-01",""
2014,"HH","Karfreitag","2014-04-18",""
2014,"HH","Ostermontag","2014-04-21",""
2014,"HH","Tag der Arbeit","2014-05-01",""
2014,"HH","Christi Himmelfahrt","2014-05-29",""
2014,"HH","Pfingstmontag","2014-06-09",""
2014,"HH","Tag der Deutschen Einheit","2014-10-03",""
2014,"HH","1. Weihnachtstag","2014-12-25",""
2014,"HH","2. Weihnachtstag","2014-12-26",""
2014,"MV","Neujahrstag","2014-01-01",""
2014,"MV","Karfreitag","2014-04-18",""
2014,"MV","Ostermontag","2014-04-21",""
2014,"MV","Tag der Arbeit","2014-05-01",""
2014,"MV","Christi Himmelfahrt","2014-05-29",""
2014,"MV","Pfingstmontag","2014-06-09",""
2014,"MV","Tag der Deutschen Einheit","2014-10-03",""
2014,"MV","Reformationstag","2014-10-31",""
2014,"MV","1. Weihnachtstag","2014-12-25",""
2014,"MV","2. Weihnachtstag","2014-12-26",""
2014,"NI","Neujahrstag","2014-01-01",""
2014,"NI","Karfreitag","2014-04-18",""
2014,"NI","Ostermontag","2014-04-21",""
2014,"NI","Tag der Arbeit","2014-05-01",""
2014,"NI","Christi Himmelfahrt","2014-05-29",""
2014,"NI","Pfingstmontag","2014-06-09",""
2014,"NI","Tag der Deutschen Einheit","2014-10-03",""
2014,"NI","1. Weihnachtstag","2014-12-25",""
2014,"NI","2. Weihnachtstag","2014-12-26",""
2014,"NW","Neujahrstag","2014-01-01",""
2014,"NW","Karfreitag","2014-04-18",""
2014,"NW","Ostermontag","2014-04-21",""
2014,"NW","Tag der Arbeit","2014-05-01",""
2014,"NW","Christi Himmelfahrt","2014-05-29",""
2014,"NW","Pfingstmontag","2014-06-09",""
2014,"NW","Fronleichnam","2014-06-19",""
2014,"NW","Tag der Deutschen Einheit","2014-10-03",""
2014,"NW","Allerheiligen","2014-11-01",""
2014,"NW","1. Weihnachtstag","2014-12-25",""
2014,"NW","2. Weihnachtstag","2014-12-26",""
2014,"RP","Neujahrstag","2014-01-01",""
2014,"RP","Karfreitag","2014-04-18",""
2014,"RP","Ostermontag","2014-04-21",""
2014,"RP","Tag der Arbeit","2014-05-01",""
2014,"RP","Christi Himmelfahrt","2014-05-29",""
2014,"RP","Pfingstmontag","2014-06-09",""
2014,"RP","Fronleichnam","2014-06-19",""
2014,"RP","Tag der Deutschen Einheit","2014-10-03",""
2014,"RP","Allerheiligen","2014-11-01",""
2014,"RP","1. Weihnachtstag","2014-12-25",""
2014,"RP","2. Weihnachtstag","2014-12-26",""
2014,"SH","Neujahrstag","2014-01-01",""
2014,"SH","Karfreitag","2014-04-18",""
2014,"SH","Ostermontag","2014-04-21",""
2014,"SH","Tag der Arbeit","2014-05-01",""
2014,"SH","Christi Himmelfahrt","2014-05-29",""
2014,"SH","Pfingstmontag","2014-06-09",""
2014,"SH","Tag der Deutschen Einheit","2014-10-03",""
2014,"SH","1. Weihnachtstag","2014-12-25",""
2014,"SH","2. Weihnachtstag","2014-12-26",""
2014,"SL","Neujahrstag","2014-01-01",""
2014,"SL","Karfreitag","2014-04-18",""
2014,"SL","Ostermontag","2014-04-21",""
2014,"SL","Tag der Arbeit","2014-05-01",""
2014,"SL","Christi Himmelfahrt","2014-05-29",""
2014,"SL","Pfingstmontag","2014-06-09",""
2014,"SL","Fronleichnam","2014-06-19",""
2014,"SL","Mariä Himmelfahrt","2014-08-15",""
2014,"SL","Tag der Deutschen Einheit","2014-10-03",""
2014,"SL","Allerheiligen","2014-11-01",""
2014,"SL","1. Weihnachtstag","2014-12-25",""
2014,"SL","2. Weihnachtstag","2014-12-26",""
2014,"SN","Neujahrstag","2014-01-01",""
2014,"SN","Karfreitag","2014-04-18",""
2014,"SN","Ostermontag","2014-04-21",""
2014,"SN","Tag der Arbeit","2014-05-01",""
2014,"SN","Christi Himmelfahrt","2014-05-29",""
2014,"SN","Pfingstmontag","2014-06-09",""
2014,"SN","Fronleichnam","2014-06-19","Fronleichnam ist kein gesetzlicher Feiertag außer in folgenden katholisch geprägten Gemeinden des sorbischen Siedlungsgebietes im Landkreis Bautzen:
				Bautzen (nur in den Ortsteilen Bolbritz und Salzenforst), Crostwitz, Göda (nur im Ortsteil Prischwitz), Großdubrau (nur im Ortsteil Sdier), Hoyerswerda (nur im Ortsteil Dörgenhausen), Königswartha (nicht im Ortsteil Wartha), Nebelschütz, Neschwitz (nur in den Ortsteilen Neschwitz und Saritsch), Panschwitz-Kuckau, Puschwitz, Räckelwitz, Radibor, Ralbitz-Rosenthal und Wittichenau. Entscheidend ist dabei der Arbeitsort, nicht der Wohnort eines Arbeitnehmers.
				Die gesetzliche Grundlage für diese durch die Fronleichnamsverordnung festgelegte Regelung ergibt sich aus § 1 Abs. 1 des Sächsischen Feiertagsgesetzes.[5]"
2014,"SN","Tag der Deutschen Einheit","2014-10-03",""
2014,"SN","Reformationstag","2014-10-31",""
2014,"SN","Buß- und Bettag","2014-11-19",""
2014,"SN","1. Weihnachtstag","2014-12-25",""
2014,"SN","2. Weihnachtstag","2014-12-26",""
2014,"ST","Neujahrstag","2014-01-01",""
2014,"ST","Heilige Drei Könige","2014-01-06",""
2014,"ST","Karfreitag","2014-04-18",""
2014,"ST","Ostermontag","2014-04-21",""
2014,"ST","Tag der Arbeit","2014-05-01",""
2014,"ST","Christi Himmelfahrt","2014-05-29",""
2014,"ST","Pfingstmontag","2014-06-09",""
2014,"ST","Tag der Deutschen Einheit","2014-10-03",""
2014,"ST","Reformationstag","2014-10-31",""
2014,"ST","1. Weihnachtstag","2014-12-25",""
2014,"ST","2. Weihnachtstag","2014-12-26",""
2014,"TH","Neujahrstag","2014-01-01",""
2014,"TH","Karfreitag","2014-04-18",""
2014,"TH","Ostermontag","2014-04-21",""
2014,"TH","Tag der Arbeit","2014-05-01",""
2014,"TH","Christi Himmelfahrt","2014-05-29",""
2014,"TH","Pfingstmontag","2014-06-09",""
2014,"TH","Fronleichnam","2014-06-19","Fronleichnam ist kein gesetzlicher Feiertag außer im gesamten Landkreis Eichsfeld (79 Gemeinden am 31. Dezember 2013, Auflistung siehe dort) sowie in folgenden Gemeinden des Unstrut-Hainich-Kreises und des Wartburgkreises:
				Anrode (nur in den Ortsteilen Bickenriede und Zella), Brunnhartshausen (nur in den Ortsteilen Föhlritz und Steinberg), Buttlar, Dünwald (nur in den Ortsteilen Beberstedt und Hüpstedt), Geisa, Rodeberg (nur im Ortsteil Struth), Schleid, Südeichsfeld und Zella/Rhön.
				Die gesetzliche Grundlage für diese Regelung ergibt sich aus § 2 Abs. 2 und § 10 Abs. 1 des Thüringer Feiertagsgesetzes.[6]"
2014,"TH","Tag der Deutschen Einheit","2014-10-03",""
2014,"TH","Reformationstag","2014-10-31",""
2014,"TH","1. Weihnachtstag","2014-12-25",""
2014,"TH","2. Weihnachtstag","2014-12-26",""
2015,"BB","Neujahrstag","2015-01-01",""
2015,"BB","Karfreitag","2015-04-03",""
2015,"BB","Ostersonntag","2015-04-05",""
2015,"BB","Ostermontag","2015-04-06",""
2015,"BB","Tag der Arbeit","2015-05-01",""
2015,"BB","Christi Himmelfahrt","2015-05-14",""
2015,"BB","Pfingstsonntag","2015-05-24",""
2015,"BB","Pfingstmontag","2015-05-25",""
2015,"BB","Tag der Deutschen Einheit","2015-10-03",""
2015,"BB","Reformationstag","2015-10-31",""
2015,"BB","1. Weihnachtstag","2015-12-25",""
2015,"BB","2. Weihnachtstag","2015-12-26",""
2015,"BE","Neujahrstag","2015-01-01",""
2015,"BE","Karfreitag","2015-04-03",""
2015,"BE","Ostermontag","2015-04-06",""
2015,"BE","Tag der Arbeit","2015-05-01",""
2015,"BE","Christi Himmelfahrt","2015-05-14",""
2015,"BE","Pfingstmontag","2015-05-25",""
2015,"BE","Tag der Deutschen Einheit","2015-10-03",""
2015,"BE","1. Weihnachtstag","2015-12-25",""
2015,"BE","2. Weihnachtstag","2015-12-26",""
2015,"BW","Neujahrstag","2015-01-01",""
2015,"BW","Heilige Drei Könige","2015-01-06",""
2015,"BW","Karfreitag","2015-04-03",""
2015,"BW","Ostermontag","2015-04-06",""
2015,"BW","Tag der Arbeit","2015-05-01",""
2015,"BW","Christi Himmelfahrt","2015-05-14",""
2015,"BW","Pfingstmontag","2015-05-25",""
2015,"BW","Fronleichnam","2015-06-04",""
2015,"BW","Tag der Deutschen Einheit","2015-10-03",""
2015,"BW","Reformationstag","2015-10-31","Gemäß § 4 Abs. 3 des Feiertagsgesetzes von Baden-Württemberg[10] haben Schüler am Gründonnerstag und am Reformationstag schulfrei. In der Regel legt das Kultusministerium die Ferientermine so fest, dass diese beiden Tage in die Osterferien bzw. in die Herbstferien fallen."
2015,"BW","Allerheiligen","2015-11-01",""
2015,"BW","1. Weihnachtstag","2015-12-25",""
2015,"BW","2. Weihnachtstag","2015-12-26",""
2015,"BW","Gründonnerstag",NA,"Gemäß § 4 Abs. 3 des Feiertagsgesetzes von Baden-Württemberg[10] haben Schüler am Gründonnerstag und am Reformationstag schulfrei. In der Regel legt das Kultusministerium die Ferientermine so fest, dass diese beiden Tage in die Osterferien bzw. in die Herbstferien fallen."
2015,"BY","Neujahrstag","2015-01-01",""
2015,"BY","Heilige Drei Könige","2015-01-06",""
2015,"BY","Karfreitag","2015-04-03",""
2015,"BY","Ostermontag","2015-04-06",""
2015,"BY","Tag der Arbeit","2015-05-01",""
2015,"BY","Christi Himmelfahrt","2015-05-14",""
2015,"BY","Pfingstmontag","2015-05-25",""
2015,"BY","Fronleichnam","2015-06-04",""
2015,"BY","Augsburger Friedensfest","2015-08-08","Das Augsburger Friedensfest ist nur im Stadtgebiet Augsburg (nicht jedoch im angrenzenden Umland) gesetzlicher Feiertag (Art. 1 Abs. 2 Bayerisches Feiertagsgesetz[7])."
2015,"BY","Mariä Himmelfahrt","2015-08-15","Mariä Himmelfahrt ist in Bayern in von den derzeit 1704[8] (Zensus 2011, bis 2013: 1700) Gemeinden mit überwiegend katholischer Bevölkerung gesetzlicher Feiertag, in den restlichen 352 (Zensus 2011, bis 2013: 356) Gemeinden nicht. Gemäß Art. 1 Abs. 3 des Bayerischen Feiertagsgesetzes[7] ist es Aufgabe des Bayerischen Landesamtes für Statistik und Datenverarbeitung, festzustellen, in welchen Gemeinden Mariä Himmelfahrt gesetzlicher Feiertag ist. Die aktuelle Festlegung beruht auf dem Ergebnis der letzten in der Bundesrepublik Deutschland durchgeführten Volkszählung vom 25. Mai 1987. Gemäß Art 4. Abs. 3 des Bayerischen Feiertagsgesetzes entfällt im gesamten Bundesland zu Mariä Himmelfahrt an Schulen aller Gattungen der Unterricht. Diese Festlegung gilt ausdrücklich auch in den Teilen Bayerns, in denen dieser Tag kein gesetzlicher Feiertag ist. Eine Übersichtskarte aller Gemeinden, in denen Mariä Himmelfahrt ein Feiertag ist, kann beim Bayerischen Landesamt für Statistik und Datenverarbeitung heruntergeladen werden (Link siehe unter ""Weitere Weblinks"")."
2015,"BY","Tag der Deutschen Einheit","2015-10-03",""
2015,"BY","Allerheiligen","2015-11-01",""
2015,"BY","Buß- und Bettag","2015-11-18","Gemäß Art. 4 Nr. 3 des Bayerischen Feiertagsgesetzes[7] entfällt im gesamten Bundesland am Buß- und Bettag an allen Schulen der Unterricht."
2015,"BY","1. Weihnachtstag","2015-12-25",""
2015,"BY","2. Weihnachtstag","2015-12-26",""
2015,"HB","Neujahrstag","2015-01-01",""
2015,"HB","Karfreitag","2015-04-03",""
2015,"HB","Ostermontag","2015-04-06",""
2015,"HB","Tag der Arbeit","2015-05-01",""
2015,"HB","Christi Himmelfahrt","2015-05-14",""
2015,"HB","Pfingstmontag","2015-05-25",""
2015,"HB","Tag der Deutschen Einheit","2015-10-03",""
2015,"HB","1. Weihnachtstag","2015-12-25",""
2015,"HB","2. Weihnachtstag","2015-12-26",""
2015,"HE","Neujahrstag","2015-01-01",""
2015,"HE","Karfreitag","2015-04-03",""
2015,"HE","Ostermontag","2015-04-06",""
2015,"HE","Tag der Arbeit","2015-05-01",""
2015,"HE","Christi Himmelfahrt","2015-05-14",""
2015,"HE","Pfingstmontag","2015-05-25",""
2015,"HE","Fronleichnam","2015-06-04",""
2015,"HE","Tag der Deutschen Einheit","2015-10-03",""
2015,"HE","1. Weihnachtstag","2015-12-25",""
2015,"HE","2. Weihnachtstag","2015-12-26",""
2015,"HH","Neujahrstag","2015-01-01",""
2015,"HH","Karfreitag","2015-04-03",""
2015,"HH","Ostermontag","2015-04-06",""
2015,"HH","Tag der Arbeit","2015-05-01",""
2015,"HH","Christi Himmelfahrt","2015-05-14",""
2015,"HH","Pfingstmontag","2015-05-25",""
2015,"HH","Tag der Deutschen Einheit","2015-10-03",""
2015,"HH","1. Weihnachtstag","2015-12-25",""
2015,"HH","2. Weihnachtstag","2015-12-26",""
2015,"MV","Neujahrstag","2015-01-01",""
2015,"MV","Karfreitag","2015-04-03",""
2015,"MV","Ostermontag","2015-04-06",""
2015,"MV","Tag der Arbeit","2015-05-01",""
2015,"MV","Christi Himmelfahrt","2015-05-14",""
2015,"MV","Pfingstmontag","2015-05-25",""
2015,"MV","Tag der Deutschen Einheit","2015-10-03",""
2015,"MV","Reformationstag","2015-10-31",""
2015,"MV","1. Weihnachtstag","2015-12-25",""
2015,"MV","2. Weihnachtstag","2015-12-26",""
2015,"NI","Neujahrstag","2015-01-01",""
2015,"NI","Karfreitag","2015-04-03",""
2015,"NI","Ostermontag","2015-04-06",""
2015,"NI","Tag der Arbeit","2015-05-01",""
2015,"NI","Christi Himmelfahrt","2015-05-14",""
2015,"NI","Pfingstmontag","2015-05-25",""
2015,"NI","Tag der Deutschen Einheit","2015-10-03",""
2015,"NI","1. Weihnachtstag","2015-12-25",""
2015,"NI","2. Weihnachtstag","2015-12-26",""
2015,"NW","Neujahrstag","2015-01-01",""
2015,"NW","Karfreitag","2015-04-03",""
2015,"NW","Ostermontag","2015-04-06",""
2015,"NW","Tag der Arbeit","2015-05-01",""
2015,"NW","Christi Himmelfahrt","2015-05-14",""
2015,"NW","Pfingstmontag","2015-05-25",""
2015,"NW","Fronleichnam","2015-06-04",""
2015,"NW","Tag der Deutschen Einheit","2015-10-03",""
2015,"NW","Allerheiligen","2015-11-01",""
2015,"NW","1. Weihnachtstag","2015-12-25",""
2015,"NW","2. Weihnachtstag","2015-12-26",""
2015,"RP","Neujahrstag","2015-01-01",""
2015,"RP","Karfreitag","2015-04-03",""
2015,"RP","Ostermontag","2015-04-06",""
2015,"RP","Tag der Arbeit","2015-05-01",""
2015,"RP","Christi Himmelfahrt","2015-05-14",""
2015,"RP","Pfingstmontag","2015-05-25",""
2015,"RP","Fronleichnam","2015-06-04",""
2015,"RP","Tag der Deutschen Einheit","2015-10-03",""
2015,"RP","Allerheiligen","2015-11-01",""
2015,"RP","1. Weihnachtstag","2015-12-25",""
2015,"RP","2. Weihnachtstag","2015-12-26",""
2015,"SH","Neujahrstag","2015-01-01",""
2015,"SH","Karfreitag","2015-04-03",""
2015,"SH","Ostermontag","2015-04-06",""
2015,"SH","Tag der Arbeit","2015-05-01",""
2015,"SH","Christi Himmelfahrt","2015-05-14",""
2015,"SH","Pfingstmontag","2015-05-25",""
2015,"SH","Tag der Deutschen Einheit","2015-10-03",""
2015,"SH","1. Weihnachtstag","2015-12-25",""
2015,"SH","2. Weihnachtstag","2015-12-26",""
2015,"SL","Neujahrstag","2015-01-01",""
2015,"SL","Karfreitag","2015-04-03",""
2015,"SL","Ostermontag","2015-04-06",""
2015,"SL","Tag der Arbeit","2015-05-01",""
2015,"SL","Christi Himmelfahrt","2015-05-14",""
2015,"SL","Pfingstmontag","2015-05-25",""
2015,"SL","Fronleichnam","2015-06-04",""
2015,"SL","Mariä Himmelfahrt","2015-08-15",""
2015,"SL","Tag der Deutschen Einheit","2015-10-03",""
2015,"SL","Allerheiligen","2015-11-01",""
2015,"SL","1. Weihnachtstag","2015-12-25",""
2015,"SL","2. Weihnachtstag","2015-12-26",""
2015,"SN","Neujahrstag","2015-01-01",""
2015,"SN","Karfreitag","2015-04-03",""
2015,"SN","Ostermontag","2015-04-06",""
2015,"SN","Tag der Arbeit","2015-05-01",""
2015,"SN","Christi Himmelfahrt","2015-05-14",""
2015,"SN","Pfingstmontag","2015-05-25",""
2015,"SN","Fronleichnam","2015-06-04","Fronleichnam ist kein gesetzlicher Feiertag außer in folgenden katholisch geprägten Gemeinden des sorbischen Siedlungsgebietes im Landkreis Bautzen:
				Bautzen (nur in den Ortsteilen Bolbritz und Salzenforst), Crostwitz, Göda (nur im Ortsteil Prischwitz), Großdubrau (nur im Ortsteil Sdier), Hoyerswerda (nur im Ortsteil Dörgenhausen), Königswartha (nicht im Ortsteil Wartha), Nebelschütz, Neschwitz (nur in den Ortsteilen Neschwitz und Saritsch), Panschwitz-Kuckau, Puschwitz, Räckelwitz, Radibor, Ralbitz-Rosenthal und Wittichenau. Entscheidend ist dabei der Arbeitsort, nicht der Wohnort eines Arbeitnehmers.
				Die gesetzliche Grundlage für diese durch die Fronleichnamsverordnung festgelegte Regelung ergibt sich aus § 1 Abs. 1 des Sächsischen Feiertagsgesetzes.[5]"
2015,"SN","Tag der Deutschen Einheit","2015-10-03",""
2015,"SN","Reformationstag","2015-10-31",""
2015,"SN","Buß- und Bettag","2015-11-18",""
2015,"SN","1. Weihnachtstag","2015-12-25",""
2015,"SN","2. Weihnachtstag","2015-12-26",""
2015,"ST","Neujahrstag","2015-01-01",""
2015,"ST","Heilige Drei Könige","2015-01-06",""
2015,"ST","Karfreitag","2015-04-03",""
2015,"ST","Ostermontag","2015-04-06",""
2015,"ST","Tag der Arbeit","2015-05-01",""
2015,"ST","Christi Himmelfahrt","2015-05-14",""
2015,"ST","Pfingstmontag","2015-05-25",""
2015,"ST","Tag der Deutschen Einheit","2015-10-03",""
2015,"ST","Reformationstag","2015-10-31",""
2015,"ST","1. Weihnachtstag","2015-12-25",""
2015,"ST","2. Weihnachtstag","2015-12-26",""
2015,"TH","Neujahrstag","2015-01-01",""
2015,"TH","Karfreitag","2015-04-03",""
2015,"TH","Ostermontag","2015-04-06",""
2015,"TH","Tag der Arbeit","2015-05-01",""
2015,"TH","Christi Himmelfahrt","2015-05-14",""
2015,"TH","Pfingstmontag","2015-05-25",""
2015,"TH","Fronleichnam","2015-06-04","Fronleichnam ist kein gesetzlicher Feiertag außer im gesamten Landkreis Eichsfeld (79 Gemeinden am 31. Dezember 2013, Auflistung siehe dort) sowie in folgenden Gemeinden des Unstrut-Hainich-Kreises und des Wartburgkreises:
				Anrode (nur in den Ortsteilen Bickenriede und Zella), Brunnhartshausen (nur in den Ortsteilen Föhlritz und Steinberg), Buttlar, Dünwald (nur in den Ortsteilen Beberstedt und Hüpstedt), Geisa, Rodeberg (nur im Ortsteil Struth), Schleid, Südeichsfeld und Zella/Rhön.
				Die gesetzliche Grundlage für diese Regelung ergibt sich aus § 2 Abs. 2 und § 10 Abs. 1 des Thüringer Feiertagsgesetzes.[6]"
2015,"TH","Tag der Deutschen Einheit","2015-10-03",""
2015,"TH","Reformationstag","2015-10-31",""
2015,"TH","1. Weihnachtstag","2015-12-25",""
2015,"TH","2. Weihnachtstag","2015-12-26",""
2016,"BB","Neujahrstag","2016-01-01",""
2016,"BB","Karfreitag","2016-03-25",""
2016,"BB","Ostersonntag","2016-03-27",""
2016,"BB","Ostermontag","2016-03-28",""
2016,"BB","Tag der Arbeit","2016-05-01",""
2016,"BB","Christi Himmelfahrt","2016-05-05",""
2016,"BB","Pfingstsonntag","2016-05-15",""
2016,"BB","Pfingstmontag","2016-05-16",""
2016,"BB","Tag der Deutschen Einheit","2016-10-03",""
2016,"BB","Reformationstag","2016-10-31",""
2016,"BB","1. Weihnachtstag","2016-12-25",""
2016,"BB","2. Weihnachtstag","2016-12-26",""
2016,"BE","Neujahrstag","2016-01-01",""
2016,"BE","Karfreitag","2016-03-25",""
2016,"BE","Ostermontag","2016-03-28",""
2016,"BE","Tag der Arbeit","2016-05-01",""
2016,"BE","Christi Himmelfahrt","2016-05-05",""
2016,"BE","Pfingstmontag","2016-05-16",""
2016,"BE","Tag der Deutschen Einheit","2016-10-03",""
2016,"BE","1. Weihnachtstag","2016-12-25",""
2016,"BE","2. Weihnachtstag","2016-12-26",""
2016,"BW","Neujahrstag","2016-01-01",""
2016,"BW","Heilige Drei Könige","2016-01-06",""
2016,"BW","Karfreitag","2016-03-25",""
2016,"BW","Ostermontag","2016-03-28",""
2016,"BW","Tag der Arbeit","2016-05-01",""
2016,"BW","Christi Himmelfahrt","2016-05-05",""
2016,"BW","Pfingstmontag","2016-05-16",""
2016,"BW","Fronleichnam","2016-05-26",""
2016,"BW","Tag der Deutschen Einheit","2016-10-03",""
2016,"BW","Reformationstag","2016-10-31","Gemäß § 4 Abs. 3 des Feiertagsgesetzes von Baden-Württemberg[10] haben Schüler am Gründonnerstag und am Reformationstag schulfrei. In der Regel legt das Kultusministerium die Ferientermine so fest, dass diese beiden Tage in die Osterferien bzw. in die Herbstferien fallen."
2016,"BW","Allerheiligen","2016-11-01",""
2016,"BW","1. Weihnachtstag","2016-12-25",""
2016,"BW","2. Weihnachtstag","2016-12-26",""
2016,"BW","Gründonnerstag",NA,"Gemäß § 4 Abs. 3 des Feiertagsgesetzes von Baden-Württemberg[10] haben Schüler am Gründonnerstag und am Reformationstag schulfrei. In der Regel legt das Kultusministerium die Ferientermine so fest, dass diese beiden Tage in die Osterferien bzw. in die Herbstferien fallen."
2016,"BY","Neujahrstag","2016-01-01",""
2016,"BY","Heilige Drei Könige","2016-01-06",""
2016,"BY","Karfreitag","2016-03-25",""
2016,"BY","Ostermontag","2016-03-28",""
2016,"BY","Tag der Arbeit","2016-05-01",""
2016,"BY","Christi Himmelfahrt","2016-05-05",""
2016,"BY","Pfingstmontag","2016-05-16",""
2016,"BY","Fronleichnam","2016-05-26",""
2016,"BY","Augsburger Friedensfest","2016-08-08","Das Augsburger Friedensfest ist nur im Stadtgebiet Augsburg (nicht jedoch im angrenzenden Umland) gesetzlicher Feiertag (Art. 1 Abs. 2 Bayerisches Feiertagsgesetz[7])."
2016,"BY","Mariä Himmelfahrt","2016-08-15","Mariä Himmelfahrt ist in Bayern in von den derzeit 1704[8] (Zensus 2011, bis 2013: 1700) Gemeinden mit überwiegend katholischer Bevölkerung gesetzlicher Feiertag, in den restlichen 352 (Zensus 2011, bis 2013: 356) Gemeinden nicht. Gemäß Art. 1 Abs. 3 des Bayerischen Feiertagsgesetzes[7] ist es Aufgabe des Bayerischen Landesamtes für Statistik und Datenverarbeitung, festzustellen, in welchen Gemeinden Mariä Himmelfahrt gesetzlicher Feiertag ist. Die aktuelle Festlegung beruht auf dem Ergebnis der letzten in der Bundesrepublik Deutschland durchgeführten Volkszählung vom 25. Mai 1987. Gemäß Art 4. Abs. 3 des Bayerischen Feiertagsgesetzes entfällt im gesamten Bundesland zu Mariä Himmelfahrt an Schulen aller Gattungen der Unterricht. Diese Festlegung gilt ausdrücklich auch in den Teilen Bayerns, in denen dieser Tag kein gesetzlicher Feiertag ist. Eine Übersichtskarte aller Gemeinden, in denen Mariä Himmelfahrt ein Feiertag ist, kann beim Bayerischen Landesamt für Statistik und Datenverarbeitung heruntergeladen werden (Link siehe unter ""Weitere Weblinks"")."
2016,"BY","Tag der Deutschen Einheit","2016-10-03",""
2016,"BY","Allerheiligen","2016-11-01",""
2016,"BY","Buß- und Bettag","2016-11-16","Gemäß Art. 4 Nr. 3 des Bayerischen Feiertagsgesetzes[7] entfällt im gesamten Bundesland am Buß- und Bettag an allen Schulen der Unterricht."
2016,"BY","1. Weihnachtstag","2016-12-25",""
2016,"BY","2. Weihnachtstag","2016-12-26",""
2016,"HB","Neujahrstag","2016-01-01",""
2016,"HB","Karfreitag","2016-03-25",""
2016,"HB","Ostermontag","2016-03-28",""
2016,"HB","Tag der Arbeit","2016-05-01",""
2016,"HB","Christi Himmelfahrt","2016-05-05",""
2016,"HB","Pfingstmontag","2016-05-16",""
2016,"HB","Tag der Deutschen Einheit","2016-10-03",""
2016,"HB","1. Weihnachtstag","2016-12-25",""
2016,"HB","2. Weihnachtstag","2016-12-26",""
2016,"HE","Neujahrstag","2016-01-01",""
2016,"HE","Karfreitag","2016-03-25",""
2016,"HE","Ostermontag","2016-03-28",""
2016,"HE","Tag der Arbeit","2016-05-01",""
2016,"HE","Christi Himmelfahrt","2016-05-05",""
2016,"HE","Pfingstmontag","2016-05-16",""
2016,"HE","Fronleichnam","2016-05-26",""
2016,"HE","Tag der Deutschen Einheit","2016-10-03",""
2016,"HE","1. Weihnachtstag","2016-12-25",""
2016,"HE","2. Weihnachtstag","2016-12-26",""
2016,"HH","Neujahrstag","2016-01-01",""
2016,"HH","Karfreitag","2016-03-25",""
2016,"HH","Ostermontag","2016-03-28",""
2016,"HH","Tag der Arbeit","2016-05-01",""
2016,"HH","Christi Himmelfahrt","2016-05-05",""
2016,"HH","Pfingstmontag","2016-05-16",""
2016,"HH","Tag der Deutschen Einheit","2016-10-03",""
2016,"HH","1. Weihnachtstag","2016-12-25",""
2016,"HH","2. Weihnachtstag","2016-12-26",""
2016,"MV","Neujahrstag","2016-01-01",""
2016,"MV","Karfreitag","2016-03-25",""
2016,"MV","Ostermontag","2016-03-28",""
2016,"MV","Tag der Arbeit","2016-05-01",""
2016,"MV","Christi Himmelfahrt","2016-05-05",""
2016,"MV","Pfingstmontag","2016-05-16",""
2016,"MV","Tag der Deutschen Einheit","2016-10-03",""
2016,"MV","Reformationstag","2016-10-31",""
2016,"MV","1. Weihnachtstag","2016-12-25",""
2016,"MV","2. Weihnachtstag","2016-12-26",""
2016,"NI","Neujahrstag","2016-01-01",""
2016,"NI","Karfreitag","2016-03-25",""
2016,"NI","Ostermontag","2016-03-28",""
2016,"NI","Tag der Arbeit","2016-05-01",""
2016,"NI","Christi Himmelfahrt","2016-05-05",""
2016,"NI","Pfingstmontag","2016-05-16",""
2016,"NI","Tag der Deutschen Einheit","2016-10-03",""
2016,"NI","1. Weihnachtstag","2016-12-25",""
2016,"NI","2. Weihnachtstag","2016-12-26",""
2016,"NW","Neujahrstag","2016-01-01",""
2016,"NW","Karfreitag","2016-03-25",""
2016,"NW","Ostermontag","2016-03-28",""
2016,"NW","Tag der Arbeit","2016-05-01",""
2016,"NW","Christi Himmelfahrt","2016-05-05",""
2016,"NW","Pfingstmontag","2016-05-16",""
2016,"NW","Fronleichnam","2016-05-26",""
2016,"NW","Tag der Deutschen Einheit","2016-10-03",""
2016,"NW","Allerheiligen","2016-11-01",""
2016,"NW","1. Weihnachtstag","2016-12-25",""
2016,"NW","2. Weihnachtstag","2016-12-26",""
2016,"RP","Neujahrstag","2016-01-01",""
2016,"RP","Karfreitag","2016-03-25",""
2016,"RP","Ostermontag","2016-03-28",""
2016,"RP","Tag der Arbeit","2016-05-01",""
2016,"RP","Christi Himmelfahrt","2016-05-05",""
2016,"RP","Pfingstmontag","2016-05-16",""
2016,"RP","Fronleichnam","2016-05-26",""
2016,"RP","Tag der Deutschen Einheit","2016-10-03",""
2016,"RP","Allerheiligen","2016-11-01",""
2016,"RP","1. Weihnachtstag","2016-12-25",""
2016,"RP","2. Weihnachtstag","2016-12-26",""
2016,"SH","Neujahrstag","2016-01-01",""
2016,"SH","Karfreitag","2016-03-25",""
2016,"SH","Ostermontag","2016-03-28",""
2016,"SH","Tag der Arbeit","2016-05-01",""
2016,"SH","Christi Himmelfahrt","2016-05-05",""
2016,"SH","Pfingstmontag","2016-05-16",""
2016,"SH","Tag der Deutschen Einheit","2016-10-03",""
2016,"SH","1. Weihnachtstag","2016-12-25",""
2016,"SH","2. Weihnachtstag","2016-12-26",""
2016,"SL","Neujahrstag","2016-01-01",""
2016,"SL","Karfreitag","2016-03-25",""
2016,"SL","Ostermontag","2016-03-28",""
2016,"SL","Tag der Arbeit","2016-05-01",""
2016,"SL","Christi Himmelfahrt","2016-05-05",""
2016,"SL","Pfingstmontag","2016-05-16",""
2016,"SL","Fronleichnam","2016-05-26",""
2016,"SL","Mariä Himmelfahrt","2016-08-15",""
2016,"SL","Tag der Deutschen Einheit","2016-10-03",""
2016,"SL","Allerheiligen","2016-11-01",""
2016,"SL","1. Weihnachtstag","2016-12-25",""
2016,"SL","2. Weihnachtstag","2016-12-26",""
2016,"SN","Neujahrstag","2016-01-01",""
2016,"SN","Karfreitag","2016-03-25",""
2016,"SN","Ostermontag","2016-03-28",""
2016,"SN","Tag der Arbeit","2016-05-01",""
2016,"SN","Christi Himmelfahrt","2016-05-05",""
2016,"SN","Pfingstmontag","2016-05-16",""
2016,"SN","Fronleichnam","2016-05-26","Fronleichnam ist kein gesetzlicher Feiertag außer in folgenden katholisch geprägten Gemeinden des sorbischen Siedlungsgebietes im Landkreis Bautzen:
				Bautzen (nur in den Ortsteilen Bolbritz und Salzenforst), Crostwitz, Göda (nur im Ortsteil Prischwitz), Großdubrau (nur im Ortsteil Sdier), Hoyerswerda (nur im Ortsteil Dörgenhausen), Königswartha (nicht im Ortsteil Wartha), Nebelschütz, Neschwitz (nur in den Ortsteilen Neschwitz und Saritsch), Panschwitz-Kuckau, Puschwitz, Räckelwitz, Radibor, Ralbitz-Rosenthal und Wittichenau. Entscheidend ist dabei der Arbeitsort, nicht der Wohnort eines Arbeitnehmers.
				Die gesetzliche Grundlage für diese durch die Fronleichnamsverordnung festgelegte Regelung ergibt sich aus § 1 Abs. 1 des Sächsischen Feiertagsgesetzes.[5]"
2016,"SN","Tag der Deutschen Einheit","2016-10-03",""
2016,"SN","Reformationstag","2016-10-31",""
2016,"SN","Buß- und Bettag","2016-11-16",""
2016,"SN","1. Weihnachtstag","2016-12-25",""
2016,"SN","2. Weihnachtstag","2016-12-26",""
2016,"ST","Neujahrstag","2016-01-01",""
2016,"ST","Heilige Drei Könige","2016-01-06",""
2016,"ST","Karfreitag","2016-03-25",""
2016,"ST","Ostermontag","2016-03-28",""
2016,"ST","Tag der Arbeit","2016-05-01",""
2016,"ST","Christi Himmelfahrt","2016-05-05",""
2016,"ST","Pfingstmontag","2016-05-16",""
2016,"ST","Tag der Deutschen Einheit","2016-10-03",""
2016,"ST","Reformationstag","2016-10-31",""
2016,"ST","1. Weihnachtstag","2016-12-25",""
2016,"ST","2. Weihnachtstag","2016-12-26",""
2016,"TH","Neujahrstag","2016-01-01",""
2016,"TH","Karfreitag","2016-03-25",""
2016,"TH","Ostermontag","2016-03-28",""
2016,"TH","Tag der Arbeit","2016-05-01",""
2016,"TH","Christi Himmelfahrt","2016-05-05",""
2016,"TH","Pfingstmontag","2016-05-16",""
2016,"TH","Fronleichnam","2016-05-26","Fronleichnam ist kein gesetzlicher Feiertag außer im gesamten Landkreis Eichsfeld (79 Gemeinden am 31. Dezember 2013, Auflistung siehe dort) sowie in folgenden Gemeinden des Unstrut-Hainich-Kreises und des Wartburgkreises:
				Anrode (nur in den Ortsteilen Bickenriede und Zella), Brunnhartshausen (nur in den Ortsteilen Föhlritz und Steinberg), Buttlar, Dünwald (nur in den Ortsteilen Beberstedt und Hüpstedt), Geisa, Rodeberg (nur im Ortsteil Struth), Schleid, Südeichsfeld und Zella/Rhön.
				Die gesetzliche Grundlage für diese Regelung ergibt sich aus § 2 Abs. 2 und § 10 Abs. 1 des Thüringer Feiertagsgesetzes.[6]"
2016,"TH","Tag der Deutschen Einheit","2016-10-03",""
2016,"TH","Reformationstag","2016-10-31",""
2016,"TH","1. Weihnachtstag","2016-12-25",""
2016,"TH","2. Weihnachtstag","2016-12-26",""
2017,"BB","Neujahrstag","2017-01-01",""
2017,"BB","Karfreitag","2017-04-14",""
2017,"BB","Ostersonntag","2017-04-16",""
2017,"BB","Ostermontag","2017-04-17",""
2017,"BB","Tag der Arbeit","2017-05-01",""
2017,"BB","Christi Himmelfahrt","2017-05-25",""
2017,"BB","Pfingstsonntag","2017-06-04",""
2017,"BB","Pfingstmontag","2017-06-05",""
2017,"BB","Tag der Deutschen Einheit","2017-10-03",""
2017,"BB","Reformationstag","2017-10-31",""
2017,"BB","1. Weihnachtstag","2017-12-25",""
2017,"BB","2. Weihnachtstag","2017-12-26",""
2017,"BE","Neujahrstag","2017-01-01",""
2017,"BE","Karfreitag","2017-04-14",""
2017,"BE","Ostermontag","2017-04-17",""
2017,"BE","Tag der Arbeit","2017-05-01",""
2017,"BE","Christi Himmelfahrt","2017-05-25",""
2017,"BE","Pfingstmontag","2017-06-05",""
2017,"BE","Tag der Deutschen Einheit","2017-10-03",""
2017,"BE","Reformationstag","2017-10-31",""
2017,"BE","1. Weihnachtstag","2017-12-25",""
2017,"BE","2. Weihnachtstag","2017-12-26",""
2017,"BW","Neujahrstag","2017-01-01",""
2017,"BW","Heilige Drei Könige","2017-01-06",""
2017,"BW","Karfreitag","2017-04-14",""
2017,"BW","Ostermontag","2017-04-17",""
2017,"BW","Tag der Arbeit","2017-05-01",""
2017,"BW","Christi Himmelfahrt","2017-05-25",""
2017,"BW","Pfingstmontag","2017-06-05",""
2017,"BW","Fronleichnam","2017-06-15",""
2017,"BW","Tag der Deutschen Einheit","2017-10-03",""
2017,"BW","Reformationstag","2017-10-31",""
2017,"BW","Allerheiligen","2017-11-01",""
2017,"BW","1. Weihnachtstag","2017-12-25",""
2017,"BW","2. Weihnachtstag","2017-12-26",""
2017,"BW","Gründonnerstag",NA,"Gemäß § 4 Abs. 3 des Feiertagsgesetzes von Baden-Württemberg[10] haben Schüler am Gründonnerstag und am Reformationstag schulfrei. In der Regel legt das Kultusministerium die Ferientermine so fest, dass diese beiden Tage in die Osterferien bzw. in die Herbstferien fallen."
2017,"BY","Neujahrstag","2017-01-01",""
2017,"BY","Heilige Drei Könige","2017-01-06",""
2017,"BY","Karfreitag","2017-04-14",""
2017,"BY","Ostermontag","2017-04-17",""
2017,"BY","Tag der Arbeit","2017-05-01",""
2017,"BY","Christi Himmelfahrt","2017-05-25",""
2017,"BY","Pfingstmontag","2017-06-05",""
2017,"BY","Fronleichnam","2017-06-15",""
2017,"BY","Augsburger Friedensfest","2017-08-08","Das Augsburger Friedensfest ist nur im Stadtgebiet Augsburg (nicht jedoch im angrenzenden Umland) gesetzlicher Feiertag (Art. 1 Abs. 2 Bayerisches Feiertagsgesetz[7])."
2017,"BY","Mariä Himmelfahrt","2017-08-15","Mariä Himmelfahrt ist in Bayern in von den derzeit 1704[8] (Zensus 2011, bis 2013: 1700) Gemeinden mit überwiegend katholischer Bevölkerung gesetzlicher Feiertag, in den restlichen 352 (Zensus 2011, bis 2013: 356) Gemeinden nicht. Gemäß Art. 1 Abs. 3 des Bayerischen Feiertagsgesetzes[7] ist es Aufgabe des Bayerischen Landesamtes für Statistik und Datenverarbeitung, festzustellen, in welchen Gemeinden Mariä Himmelfahrt gesetzlicher Feiertag ist. Die aktuelle Festlegung beruht auf dem Ergebnis der letzten in der Bundesrepublik Deutschland durchgeführten Volkszählung vom 25. Mai 1987. Gemäß Art 4. Abs. 3 des Bayerischen Feiertagsgesetzes entfällt im gesamten Bundesland zu Mariä Himmelfahrt an Schulen aller Gattungen der Unterricht. Diese Festlegung gilt ausdrücklich auch in den Teilen Bayerns, in denen dieser Tag kein gesetzlicher Feiertag ist. Eine Übersichtskarte aller Gemeinden, in denen Mariä Himmelfahrt ein Feiertag ist, kann beim Bayerischen Landesamt für Statistik und Datenverarbeitung heruntergeladen werden (Link siehe unter ""Weitere Weblinks"")."
2017,"BY","Tag der Deutschen Einheit","2017-10-03",""
2017,"BY","Reformationstag","2017-10-31",""
2017,"BY","Allerheiligen","2017-11-01",""
2017,"BY","Buß- und Bettag","2017-11-22","Gemäß Art. 4 Nr. 3 des Bayerischen Feiertagsgesetzes[7] entfällt im gesamten Bundesland am Buß- und Bettag an allen Schulen der Unterricht."
2017,"BY","1. Weihnachtstag","2017-12-25",""
2017,"BY","2. Weihnachtstag","2017-12-26",""
2017,"HB","Neujahrstag","2017-01-01",""
2017,"HB","Karfreitag","2017-04-14",""
2017,"HB","Ostermontag","2017-04-17",""
2017,"HB","Tag der Arbeit","2017-05-01",""
2017,"HB","Christi Himmelfahrt","2017-05-25",""
2017,"HB","Pfingstmontag","2017-06-05",""
2017,"HB","Tag der Deutschen Einheit","2017-10-03",""
2017,"HB","Reformationstag","2017-10-31",""
2017,"HB","1. Weihnachtstag","2017-12-25",""
2017,"HB","2. Weihnachtstag","2017-12-26",""
2017,"HE","Neujahrstag","2017-01-01",""
2017,"HE","Karfreitag","2017-04-14",""
2017,"HE","Ostermontag","2017-04-17",""
2017,"HE","Tag der Arbeit","2017-05-01",""
2017,"HE","Christi Himmelfahrt","2017-05-25",""
2017,"HE","Pfingstmontag","2017-06-05",""
2017,"HE","Fronleichnam","2017-06-15",""
2017,"HE","Tag der Deutschen Einheit","2017-10-03",""
2017,"HE","Reformationstag","2017-10-31",""
2017,"HE","1. Weihnachtstag","2017-12-25",""
2017,"HE","2. Weihnachtstag","2017-12-26",""
2017,"HH","Neujahrstag","2017-01-01",""
2017,"HH","Karfreitag","2017-04-14",""
2017,"HH","Ostermontag","2017-04-17",""
2017,"HH","Tag der Arbeit","2017-05-01",""
2017,"HH","Christi Himmelfahrt","2017-05-25",""
2017,"HH","Pfingstmontag","2017-06-05",""
2017,"HH","Tag der Deutschen Einheit","2017-10-03",""
2017,"HH","Reformationstag","2017-10-31",""
2017,"HH","1. Weihnachtstag","2017-12-25",""
2017,"HH","2. Weihnachtstag","2017-12-26",""
2017,"MV","Neujahrstag","2017-01-01",""
2017,"MV","Karfreitag","2017-04-14",""
2017,"MV","Ostermontag","2017-04-17",""
2017,"MV","Tag der Arbeit","2017-05-01",""
2017,"MV","Christi Himmelfahrt","2017-05-25",""
2017,"MV","Pfingstmontag","2017-06-05",""
2017,"MV","Tag der Deutschen Einheit","2017-10-03",""
2017,"MV","Reformationstag","2017-10-31",""
2017,"MV","1. Weihnachtstag","2017-12-25",""
2017,"MV","2. Weihnachtstag","2017-12-26",""
2017,"NI","Neujahrstag","2017-01-01",""
2017,"NI","Karfreitag","2017-04-14",""
2017,"NI","Ostermontag","2017-04-17",""
2017,"NI","Tag der Arbeit","2017-05-01",""
2017,"NI","Christi Himmelfahrt","2017-05-25",""
2017,"NI","Pfingstmontag","2017-06-05",""
2017,"NI","Tag der Deutschen Einheit","2017-10-03",""
2017,"NI","Reformationstag","2017-10-31",""
2017,"NI","1. Weihnachtstag","2017-12-25",""
2017,"NI","2. Weihnachtstag","2017-12-26",""
2017,"NW","Neujahrstag","2017-01-01",""
2017,"NW","Karfreitag","2017-04-14",""
2017,"NW","Ostermontag","2017-04-17",""
2017,"NW","Tag der Arbeit","2017-05-01",""
2017,"NW","Christi Himmelfahrt","2017-05-25",""
2017,"NW","Pfingstmontag","2017-06-05",""
2017,"NW","Fronleichnam","2017-06-15",""
2017,"NW","Tag der Deutschen Einheit","2017-10-03",""
2017,"NW","Reformationstag","2017-10-31",""
2017,"NW","Allerheiligen","2017-11-01",""
2017,"NW","1. Weihnachtstag","2017-12-25",""
2017,"NW","2. Weihnachtstag","2017-12-26",""
2017,"RP","Neujahrstag","2017-01-01",""
2017,"RP","Karfreitag","2017-04-14",""
2017,"RP","Ostermontag","2017-04-17",""
2017,"RP","Tag der Arbeit","2017-05-01",""
2017,"RP","Christi Himmelfahrt","2017-05-25",""
2017,"RP","Pfingstmontag","2017-06-05",""
2017,"RP","Fronleichnam","2017-06-15",""
2017,"RP","Tag der Deutschen Einheit","2017-10-03",""
2017,"RP","Reformationstag","2017-10-31",""
2017,"RP","Allerheiligen","2017-11-01",""
2017,"RP","1. Weihnachtstag","2017-12-25",""
2017,"RP","2. Weihnachtstag","2017-12-26",""
2017,"SH","Neujahrstag","2017-01-01",""
2017,"SH","Karfreitag","2017-04-14",""
2017,"SH","Ostermontag","2017-04-17",""
2017,"SH","Tag der Arbeit","2017-05-01",""
2017,"SH","Christi Himmelfahrt","2017-05-25",""
2017,"SH","Pfingstmontag","2017-06-05",""
2017,"SH","Tag der Deutschen Einheit","2017-10-03",""
2017,"SH","Reformationstag","2017-10-31",""
2017,"SH","1. Weihnachtstag","2017-12-25",""
2017,"SH","2. Weihnachtstag","2017-12-26",""
2017,"SL","Neujahrstag","2017-01-01",""
2017,"SL","Karfreitag","2017-04-14",""
2017,"SL","Ostermontag","2017-04-17",""
2017,"SL","Tag der Arbeit","2017-05-01",""
2017,"SL","Christi Himmelfahrt","2017-05-25",""
2017,"SL","Pfingstmontag","2017-06-05",""
2017,"SL","Fronleichnam","2017-06-15",""
2017,"SL","Mariä Himmelfahrt","2017-08-15",""
2017,"SL","Tag der Deutschen Einheit","2017-10-03",""
2017,"SL","Reformationstag","2017-10-31",""
2017,"SL","Allerheiligen","2017-11-01",""
2017,"SL","1. Weihnachtstag","2017-12-25",""
2017,"SL","2. Weihnachtstag","2017-12-26",""
2017,"SN","Neujahrstag","2017-01-01",""
2017,"SN","Karfreitag","2017-04-14",""
2017,"SN","Ostermontag","2017-04-17",""
2017,"SN","Tag der Arbeit","2017-05-01",""
2017,"SN","Christi Himmelfahrt","2017-05-25",""
2017,"SN","Pfingstmontag","2017-06-05",""
2017,"SN","Fronleichnam","2017-06-15","Fronleichnam ist kein gesetzlicher Feiertag außer in folgenden katholisch geprägten Gemeinden des sorbischen Siedlungsgebietes im Landkreis Bautzen:
				Bautzen (nur in den Ortsteilen Bolbritz und Salzenforst), Crostwitz, Göda (nur im Ortsteil Prischwitz), Großdubrau (nur im Ortsteil Sdier), Hoyerswerda (nur im Ortsteil Dörgenhausen), Königswartha (nicht im Ortsteil Wartha), Nebelschütz, Neschwitz (nur in den Ortsteilen Neschwitz und Saritsch), Panschwitz-Kuckau, Puschwitz, Räckelwitz, Radibor, Ralbitz-Rosenthal und Wittichenau. Entscheidend ist dabei der Arbeitsort, nicht der Wohnort eines Arbeitnehmers.
				Die gesetzliche Grundlage für diese durch die Fronleichnamsverordnung festgelegte Regelung ergibt sich aus § 1 Abs. 1 des Sächsischen Feiertagsgesetzes.[5]"
2017,"SN","Tag der Deutschen Einheit","2017-10-03",""
2017,"SN","Reformationstag","2017-10-31",""
2017,"SN","Buß- und Bettag","2017-11-22",""
2017,"SN","1. Weihnachtstag","2017-12-25",""
2017,"SN","2. Weihnachtstag","2017-12-26",""
2017,"ST","Neujahrstag","2017-01-01",""
2017,"ST","Heilige Drei Könige","2017-01-06",""
2017,"ST","Karfreitag","2017-04-14",""
2017,"ST","Ostermontag","2017-04-17",""
2017,"ST","Tag der Arbeit","2017-05-01",""
2017,"ST","Christi Himmelfahrt","2017-05-25",""
2017,"ST","Pfingstmontag","2017-06-05",""
2017,"ST","Tag der Deutschen Einheit","2017-10-03",""
2017,"ST","Reformationstag","2017-10-31",""
2017,"ST","1. Weihnachtstag","2017-12-25",""
2017,"ST","2. Weihnachtstag","2017-12-26",""
2017,"TH","Neujahrstag","2017-01-01",""
2017,"TH","Karfreitag","2017-04-14",""
2017,"TH","Ostermontag","2017-04-17",""
2017,"TH","Tag der Arbeit","2017-05-01",""
2017,"TH","Christi Himmelfahrt","2017-05-25",""
2017,"TH","Pfingstmontag","2017-06-05",""
2017,"TH","Fronleichnam","2017-06-15","Fronleichnam ist kein gesetzlicher Feiertag außer im gesamten Landkreis Eichsfeld (79 Gemeinden am 31. Dezember 2013, Auflistung siehe dort) sowie in folgenden Gemeinden des Unstrut-Hainich-Kreises und des Wartburgkreises:
				Anrode (nur in den Ortsteilen Bickenriede und Zella), Brunnhartshausen (nur in den Ortsteilen Föhlritz und Steinberg), Buttlar, Dünwald (nur in den Ortsteilen Beberstedt und Hüpstedt), Geisa, Rodeberg (nur im Ortsteil Struth), Schleid, Südeichsfeld und Zella/Rhön.
				Die gesetzliche Grundlage für diese Regelung ergibt sich aus § 2 Abs. 2 und § 10 Abs. 1 des Thüringer Feiertagsgesetzes.[6]"
2017,"TH","Tag der Deutschen Einheit","2017-10-03",""
2017,"TH","Reformationstag","2017-10-31",""
2017,"TH","1. Weihnachtstag","2017-12-25",""
2017,"TH","2. Weihnachtstag","2017-12-26",""
2018,"BB","Neujahrstag","2018-01-01",""
2018,"BB","Karfreitag","2018-03-30",""
2018,"BB","Ostersonntag","2018-04-01",""
2018,"BB","Ostermontag","2018-04-02",""
2018,"BB","Tag der Arbeit","2018-05-01",""
2018,"BB","Christi Himmelfahrt","2018-05-10",""
2018,"BB","Pfingstsonntag","2018-05-20",""
2018,"BB","Pfingstmontag","2018-05-21",""
2018,"BB","Tag der Deutschen Einheit","2018-10-03",""
2018,"BB","Reformationstag","2018-10-31",""
2018,"BB","1. Weihnachtstag","2018-12-25",""
2018,"BB","2. Weihnachtstag","2018-12-26",""
2018,"BE","Neujahrstag","2018-01-01",""
2018,"BE","Karfreitag","2018-03-30",""
2018,"BE","Ostermontag","2018-04-02",""
2018,"BE","Tag der Arbeit","2018-05-01",""
2018,"BE","Christi Himmelfahrt","2018-05-10",""
2018,"BE","Pfingstmontag","2018-05-21",""
2018,"BE","Tag der Deutschen Einheit","2018-10-03",""
2018,"BE","1. Weihnachtstag","2018-12-25",""
2018,"BE","2. Weihnachtstag","2018-12-26",""
2018,"BW","Neujahrstag","2018-01-01",""
2018,"BW","Heilige Drei Könige","2018-01-06",""
2018,"BW","Karfreitag","2018-03-30",""
2018,"BW","Ostermontag","2018-04-02",""
2018,"BW","Tag der Arbeit","2018-05-01",""
2018,"BW","Christi Himmelfahrt","2018-05-10",""
2018,"BW","Pfingstmontag","2018-05-21",""
2018,"BW","Fronleichnam","2018-05-31",""
2018,"BW","Tag der Deutschen Einheit","2018-10-03",""
2018,"BW","Reformationstag","2018-10-31","Gemäß § 4 Abs. 3 des Feiertagsgesetzes von Baden-Württemberg[10] haben Schüler am Gründonnerstag und am Reformationstag schulfrei. In der Regel legt das Kultusministerium die Ferientermine so fest, dass diese beiden Tage in die Osterferien bzw. in die Herbstferien fallen."
2018,"BW","Allerheiligen","2018-11-01",""
2018,"BW","1. Weihnachtstag","2018-12-25",""
2018,"BW","2. Weihnachtstag","2018-12-26",""
2018,"BW","Gründonnerstag",NA,"Gemäß § 4 Abs. 3 des Feiertagsgesetzes von Baden-Württemberg[10] haben Schüler am Gründonnerstag und am Reformationstag schulfrei. In der Regel legt das Kultusministerium die Ferientermine so fest, dass diese beiden Tage in die Osterferien bzw. in die Herbstferien fallen."
2018,"BY","Neujahrstag","2018-01-01",""
2018,"BY","Heilige Drei Könige","2018-01-06",""
2018,"BY","Karfreitag","2018-03-30",""
2018,"BY","Ostermontag","2018-04-02",""
2018,"BY","Tag der Arbeit","2018-05-01",""
2018,"BY","Christi Himmelfahrt","2018-05-10",""
2018,"BY","Pfingstmontag","2018-05-21",""
2018,"BY","Fronleichnam","2018-05-31",""
2018,"BY","Augsburger Friedensfest","2018-08-08","Das Augsburger Friedensfest ist nur im Stadtgebiet Augsburg (nicht jedoch im angrenzenden Umland) gesetzlicher Feiertag (Art. 1 Abs. 2 Bayerisches Feiertagsgesetz[7])."
2018,"BY","Mariä Himmelfahrt","2018-08-15","Mariä Himmelfahrt ist in Bayern in von den derzeit 1704[8] (Zensus 2011, bis 2013: 1700) Gemeinden mit überwiegend katholischer Bevölkerung gesetzlicher Feiertag, in den restlichen 352 (Zensus 2011, bis 2013: 356) Gemeinden nicht. Gemäß Art. 1 Abs. 3 des Bayerischen Feiertagsgesetzes[7] ist es Aufgabe des Bayerischen Landesamtes für Statistik und Datenverarbeitung, festzustellen, in welchen Gemeinden Mariä Himmelfahrt gesetzlicher Feiertag ist. Die aktuelle Festlegung beruht auf dem Ergebnis der letzten in der Bundesrepublik Deutschland durchgeführten Volkszählung vom 25. Mai 1987. Gemäß Art 4. Abs. 3 des Bayerischen Feiertagsgesetzes entfällt im gesamten Bundesland zu Mariä Himmelfahrt an Schulen aller Gattungen der Unterricht. Diese Festlegung gilt ausdrücklich auch in den Teilen Bayerns, in denen dieser Tag kein gesetzlicher Feiertag ist. Eine Übersichtskarte aller Gemeinden, in denen Mariä Himmelfahrt ein Feiertag ist, kann beim Bayerischen Landesamt für Statistik und Datenverarbeitung heruntergeladen werden (Link siehe unter ""Weitere Weblinks"")."
2018,"BY","Tag der Deutschen Einheit","2018-10-03",""
2018,"BY","Allerheiligen","2018-11-01",""
2018,"BY","Buß- und Bettag","2018-11-21","Gemäß Art. 4 Nr. 3 des Bayerischen Feiertagsgesetzes[7] entfällt im gesamten Bundesland am Buß- und Bettag an allen Schulen der Unterricht."
2018,"BY","1. Weihnachtstag","2018-12-25",""
2018,"BY","2. Weihnachtstag","2018-12-26",""
2018,"HB","Neujahrstag","2018-01-01",""
2018,"HB","Karfreitag","2018-03-30",""
2018,"HB","Ostermontag","2018-04-02",""
2018,"HB","Tag der Arbeit","2018-05-01",""
2018,"HB","Christi Himmelfahrt","2018-05-10",""
2018,"HB","Pfingstmontag","2018-05-21",""
2018,"HB","Tag der Deutschen Einheit","2018-10-03",""
2018,"HB","Reformationstag","2018-10-31",""
2018,"HB","1. Weihnachtstag","2018-12-25",""
2018,"HB","2. Weihnachtstag","2018-12-26",""
2018,"HE","Neujahrstag","2018-01-01",""
2018,"HE","Karfreitag","2018-03-30",""
2018,"HE","Ostermontag","2018-04-02",""
2018,"HE","Tag der Arbeit","2018-05-01",""
2018,"HE","Christi Himmelfahrt","2018-05-10",""
2018,"HE","Pfingstmontag","2018-05-21",""
2018,"HE","Fronleichnam","2018-05-31",""
2018,"HE","Tag der Deutschen Einheit","2018-10-03",""
2018,"HE","1. Weihnachtstag","2018-12-25",""
2018,"HE","2. Weihnachtstag","2018-12-26",""
2018,"HH","Neujahrstag","2018-01-01",""
2018,"HH","Karfreitag","2018-03-30",""
2018,"HH","Ostermontag","2018-04-02",""
2018,"HH","Tag der Arbeit","2018-05-01",""
2018,"HH","Christi Himmelfahrt","2018-05-10",""
2018,"HH","Pfingstmontag","2018-05-21",""
2018,"HH","Tag der Deutschen Einheit","2018-10-03",""
2018,"HH","Reformationstag","2018-10-31",""
2018,"HH","1. Weihnachtstag","2018-12-25",""
2018,"HH","2. Weihnachtstag","2018-12-26",""
2018,"MV","Neujahrstag","2018-01-01",""
2018,"MV","Karfreitag","2018-03-30",""
2018,"MV","Ostermontag","2018-04-02",""
2018,"MV","Tag der Arbeit","2018-05-01",""
2018,"MV","Christi Himmelfahrt","2018-05-10",""
2018,"MV","Pfingstmontag","2018-05-21",""
2018,"MV","Tag der Deutschen Einheit","2018-10-03",""
2018,"MV","Reformationstag","2018-10-31",""
2018,"MV","1. Weihnachtstag","2018-12-25",""
2018,"MV","2. Weihnachtstag","2018-12-26",""
2018,"NI","Neujahrstag","2018-01-01",""
2018,"NI","Karfreitag","2018-03-30",""
2018,"NI","Ostermontag","2018-04-02",""
2018,"NI","Tag der Arbeit","2018-05-01",""
2018,"NI","Christi Himmelfahrt","2018-05-10",""
2018,"NI","Pfingstmontag","2018-05-21",""
2018,"NI","Tag der Deutschen Einheit","2018-10-03",""
2018,"NI","Reformationstag","2018-10-31",""
2018,"NI","1. Weihnachtstag","2018-12-25",""
2018,"NI","2. Weihnachtstag","2018-12-26",""
2018,"NW","Neujahrstag","2018-01-01",""
2018,"NW","Karfreitag","2018-03-30",""
2018,"NW","Ostermontag","2018-04-02",""
2018,"NW","Tag der Arbeit","2018-05-01",""
2018,"NW","Christi Himmelfahrt","2018-05-10",""
2018,"NW","Pfingstmontag","2018-05-21",""
2018,"NW","Fronleichnam","2018-05-31",""
2018,"NW","Tag der Deutschen Einheit","2018-10-03",""
2018,"NW","Allerheiligen","2018-11-01",""
2018,"NW","1. Weihnachtstag","2018-12-25",""
2018,"NW","2. Weihnachtstag","2018-12-26",""
2018,"RP","Neujahrstag","2018-01-01",""
2018,"RP","Karfreitag","2018-03-30",""
2018,"RP","Ostermontag","2018-04-02",""
2018,"RP","Tag der Arbeit","2018-05-01",""
2018,"RP","Christi Himmelfahrt","2018-05-10",""
2018,"RP","Pfingstmontag","2018-05-21",""
2018,"RP","Fronleichnam","2018-05-31",""
2018,"RP","Tag der Deutschen Einheit","2018-10-03",""
2018,"RP","Allerheiligen","2018-11-01",""
2018,"RP","1. Weihnachtstag","2018-12-25",""
2018,"RP","2. Weihnachtstag","2018-12-26",""
2018,"SH","Neujahrstag","2018-01-01",""
2018,"SH","Karfreitag","2018-03-30",""
2018,"SH","Ostermontag","2018-04-02",""
2018,"SH","Tag der Arbeit","2018-05-01",""
2018,"SH","Christi Himmelfahrt","2018-05-10",""
2018,"SH","Pfingstmontag","2018-05-21",""
2018,"SH","Tag der Deutschen Einheit","2018-10-03",""
2018,"SH","Reformationstag","2018-10-31",""
2018,"SH","1. Weihnachtstag","2018-12-25",""
2018,"SH","2. Weihnachtstag","2018-12-26",""
2018,"SL","Neujahrstag","2018-01-01",""
2018,"SL","Karfreitag","2018-03-30",""
2018,"SL","Ostermontag","2018-04-02",""
2018,"SL","Tag der Arbeit","2018-05-01",""
2018,"SL","Christi Himmelfahrt","2018-05-10",""
2018,"SL","Pfingstmontag","2018-05-21",""
2018,"SL","Fronleichnam","2018-05-31",""
2018,"SL","Mariä Himmelfahrt","2018-08-15",""
2018,"SL","Tag der Deutschen Einheit","2018-10-03",""
2018,"SL","Allerheiligen","2018-11-01",""
2018,"SL","1. Weihnachtstag","2018-12-25",""
2018,"SL","2. Weihnachtstag","2018-12-26",""
2018,"SN","Neujahrstag","2018-01-01",""
2018,"SN","Karfreitag","2018-03-30",""
2018,"SN","Ostermontag","2018-04-02",""
2018,"SN","Tag der Arbeit","2018-05-01",""
2018,"SN","Christi Himmelfahrt","2018-05-10",""
2018,"SN","Pfingstmontag","2018-05-21",""
2018,"SN","Fronleichnam","2018-05-31","Fronleichnam ist kein gesetzlicher Feiertag außer in folgenden katholisch geprägten Gemeinden des sorbischen Siedlungsgebietes im Landkreis Bautzen:
				Bautzen (nur in den Ortsteilen Bolbritz und Salzenforst), Crostwitz, Göda (nur im Ortsteil Prischwitz), Großdubrau (nur im Ortsteil Sdier), Hoyerswerda (nur im Ortsteil Dörgenhausen), Königswartha (nicht im Ortsteil Wartha), Nebelschütz, Neschwitz (nur in den Ortsteilen Neschwitz und Saritsch), Panschwitz-Kuckau, Puschwitz, Räckelwitz, Radibor, Ralbitz-Rosenthal und Wittichenau. Entscheidend ist dabei der Arbeitsort, nicht der Wohnort eines Arbeitnehmers.
				Die gesetzliche Grundlage für diese durch die Fronleichnamsverordnung festgelegte Regelung ergibt sich aus § 1 Abs. 1 des Sächsischen Feiertagsgesetzes.[5]"
2018,"SN","Tag der Deutschen Einheit","2018-10-03",""
2018,"SN","Reformationstag","2018-10-31",""
2018,"SN","Buß- und Bettag","2018-11-21",""
2018,"SN","1. Weihnachtstag","2018-12-25",""
2018,"SN","2. Weihnachtstag","2018-12-26",""
2018,"ST","Neujahrstag","2018-01-01",""
2018,"ST","Heilige Drei Könige","2018-01-06",""
2018,"ST","Karfreitag","2018-03-30",""
2018,"ST","Ostermontag","2018-04-02",""
2018,"ST","Tag der Arbeit","2018-05-01",""
2018,"ST","Christi Himmelfahrt","2018-05-10",""
2018,"ST","Pfingstmontag","2018-05-21",""
2018,"ST","Tag der Deutschen Einheit","2018-10-03",""
2018,"ST","Reformationstag","2018-10-31",""
2018,"ST","1. Weihnachtstag","2018-12-25",""
2018,"ST","2. Weihnachtstag","2018-12-26",""
2018,"TH","Neujahrstag","2018-01-01",""
2018,"TH","Karfreitag","2018-03-30",""
2018,"TH","Ostermontag","2018-04-02",""
2018,"TH","Tag der Arbeit","2018-05-01",""
2018,"TH","Christi Himmelfahrt","2018-05-10",""
2018,"TH","Pfingstmontag","2018-05-21",""
2018,"TH","Fronleichnam","2018-05-31","Fronleichnam ist kein gesetzlicher Feiertag außer im gesamten Landkreis Eichsfeld (79 Gemeinden am 31. Dezember 2013, Auflistung siehe dort) sowie in folgenden Gemeinden des Unstrut-Hainich-Kreises und des Wartburgkreises:
				Anrode (nur in den Ortsteilen Bickenriede und Zella), Brunnhartshausen (nur in den Ortsteilen Föhlritz und Steinberg), Buttlar, Dünwald (nur in den Ortsteilen Beberstedt und Hüpstedt), Geisa, Rodeberg (nur im Ortsteil Struth), Schleid, Südeichsfeld und Zella/Rhön.
				Die gesetzliche Grundlage für diese Regelung ergibt sich aus § 2 Abs. 2 und § 10 Abs. 1 des Thüringer Feiertagsgesetzes.[6]"
2018,"TH","Tag der Deutschen Einheit","2018-10-03",""
2018,"TH","Reformationstag","2018-10-31",""
2018,"TH","1. Weihnachtstag","2018-12-25",""
2018,"TH","2. Weihnachtstag","2018-12-26",""
2019,"BB","Neujahrstag","2019-01-01",""
2019,"BB","Karfreitag","2019-04-19",""
2019,"BB","Ostersonntag","2019-04-21",""
2019,"BB","Ostermontag","2019-04-22",""
2019,"BB","Tag der Arbeit","2019-05-01",""
2019,"BB","Christi Himmelfahrt","2019-05-30",""
2019,"BB","Pfingstsonntag","2019-06-09",""
2019,"BB","Pfingstmontag","2019-06-10",""
2019,"BB","Tag der Deutschen Einheit","2019-10-03",""
2019,"BB","Reformationstag","2019-10-31",""
2019,"BB","1. Weihnachtstag","2019-12-25",""
2019,"BB","2. Weihnachtstag","2019-12-26",""
2019,"BE","Neujahrstag","2019-01-01",""
2019,"BE","Frauentag","2019-03-08",""
2019,"BE","Karfreitag","2019-04-19",""
2019,"BE","Ostermontag","2019-04-22",""
2019,"BE","Tag der Arbeit","2019-05-01",""
2019,"BE","Christi Himmelfahrt","2019-05-30",""
2019,"BE","Pfingstmontag","2019-06-10",""
2019,"BE","Tag der Deutschen Einheit","2019-10-03",""
2019,"BE","1. Weihnachtstag","2019-12-25",""
2019,"BE","2. Weihnachtstag","2019-12-26",""
2019,"BW","Neujahrstag","2019-01-01",""
2019,"BW","Heilige Drei Könige","2019-01-06",""
2019,"BW","Karfreitag","2019-04-19",""
2019,"BW","Ostermontag","2019-04-22",""
2019,"BW","Tag der Arbeit","2019-05-01",""
2019,"BW","Christi Himmelfahrt","2019-05-30",""
2019,"BW","Pfingstmontag","2019-06-10",""
2019,"BW","Fronleichnam","2019-06-20",""
2019,"BW","Tag der Deutschen Einheit","2019-10-03",""
2019,"BW","Reformationstag","2019-10-31","Gemäß § 4 Abs. 3 des Feiertagsgesetzes von Baden-Württemberg[10] haben Schüler am Gründonnerstag und am Reformationstag schulfrei. In der Regel legt das Kultusministerium die Ferientermine so fest, dass diese beiden Tage in die Osterferien bzw. in die Herbstferien fallen."
2019,"BW","Allerheiligen","2019-11-01",""
2019,"BW","1. Weihnachtstag","2019-12-25",""
2019,"BW","2. Weihnachtstag","2019-12-26",""
2019,"BW","Gründonnerstag",NA,"Gemäß § 4 Abs. 3 des Feiertagsgesetzes von Baden-Württemberg[10] haben Schüler am Gründonnerstag und am Reformationstag schulfrei. In der Regel legt das Kultusministerium die Ferientermine so fest, dass diese beiden Tage in die Osterferien bzw. in die Herbstferien fallen."
2019,"BY","Neujahrstag","2019-01-01",""
2019,"BY","Heilige Drei Könige","2019-01-06",""
2019,"BY","Karfreitag","2019-04-19",""
2019,"BY","Ostermontag","2019-04-22",""
2019,"BY","Tag der Arbeit","2019-05-01",""
2019,"BY","Christi Himmelfahrt","2019-05-30",""
2019,"BY","Pfingstmontag","2019-06-10",""
2019,"BY","Fronleichnam","2019-06-20",""
2019,"BY","Augsburger Friedensfest","2019-08-08","Das Augsburger Friedensfest ist nur im Stadtgebiet Augsburg (nicht jedoch im angrenzenden Umland) gesetzlicher Feiertag (Art. 1 Abs. 2 Bayerisches Feiertagsgesetz[7])."
2019,"BY","Mariä Himmelfahrt","2019-08-15","Mariä Himmelfahrt ist in Bayern in von den derzeit 1704[8] (Zensus 2011, bis 2013: 1700) Gemeinden mit überwiegend katholischer Bevölkerung gesetzlicher Feiertag, in den restlichen 352 (Zensus 2011, bis 2013: 356) Gemeinden nicht. Gemäß Art. 1 Abs. 3 des Bayerischen Feiertagsgesetzes[7] ist es Aufgabe des Bayerischen Landesamtes für Statistik und Datenverarbeitung, festzustellen, in welchen Gemeinden Mariä Himmelfahrt gesetzlicher Feiertag ist. Die aktuelle Festlegung beruht auf dem Ergebnis der letzten in der Bundesrepublik Deutschland durchgeführten Volkszählung vom 25. Mai 1987. Gemäß Art 4. Abs. 3 des Bayerischen Feiertagsgesetzes entfällt im gesamten Bundesland zu Mariä Himmelfahrt an Schulen aller Gattungen der Unterricht. Diese Festlegung gilt ausdrücklich auch in den Teilen Bayerns, in denen dieser Tag kein gesetzlicher Feiertag ist. Eine Übersichtskarte aller Gemeinden, in denen Mariä Himmelfahrt ein Feiertag ist, kann beim Bayerischen Landesamt für Statistik und Datenverarbeitung heruntergeladen werden (Link siehe unter ""Weitere Weblinks"")."
2019,"BY","Tag der Deutschen Einheit","2019-10-03",""
2019,"BY","Allerheiligen","2019-11-01",""
2019,"BY","Buß- und Bettag","2019-11-20","Gemäß Art. 4 Nr. 3 des Bayerischen Feiertagsgesetzes[7] entfällt im gesamten Bundesland am Buß- und Bettag an allen Schulen der Unterricht."
2019,"BY","1. Weihnachtstag","2019-12-25",""
2019,"BY","2. Weihnachtstag","2019-12-26",""
2019,"HB","Neujahrstag","2019-01-01",""
2019,"HB","Karfreitag","2019-04-19",""
2019,"HB","Ostermontag","2019-04-22",""
2019,"HB","Tag der Arbeit","2019-05-01",""
2019,"HB","Christi Himmelfahrt","2019-05-30",""
2019,"HB","Pfingstmontag","2019-06-10",""
2019,"HB","Tag der Deutschen Einheit","2019-10-03",""
2019,"HB","Reformationstag","2019-10-31",""
2019,"HB","1. Weihnachtstag","2019-12-25",""
2019,"HB","2. Weihnachtstag","2019-12-26",""
2019,"HE","Neujahrstag","2019-01-01",""
2019,"HE","Karfreitag","2019-04-19",""
2019,"HE","Ostermontag","2019-04-22",""
2019,"HE","Tag der Arbeit","2019-05-01",""
2019,"HE","Christi Himmelfahrt","2019-05-30",""
2019,"HE","Pfingstmontag","2019-06-10",""
2019,"HE","Fronleichnam","2019-06-20",""
2019,"HE","Tag der Deutschen Einheit","2019-10-03",""
2019,"HE","1. Weihnachtstag","2019-12-25",""
2019,"HE","2. Weihnachtstag","2019-12-26",""
2019,"HH","Neujahrstag","2019-01-01",""
2019,"HH","Karfreitag","2019-04-19",""
2019,"HH","Ostermontag","2019-04-22",""
2019,"HH","Tag der Arbeit","2019-05-01",""
2019,"HH","Christi Himmelfahrt","2019-05-30",""
2019,"HH","Pfingstmontag","2019-06-10",""
2019,"HH","Tag der Deutschen Einheit","2019-10-03",""
2019,"HH","Reformationstag","2019-10-31",""
2019,"HH","1. Weihnachtstag","2019-12-25",""
2019,"HH","2. Weihnachtstag","2019-12-26",""
2019,"MV","Neujahrstag","2019-01-01",""
2019,"MV","Karfreitag","2019-04-19",""
2019,"MV","Ostermontag","2019-04-22",""
2019,"MV","Tag der Arbeit","2019-05-01",""
2019,"MV","Christi Himmelfahrt","2019-05-30",""
2019,"MV","Pfingstmontag","2019-06-10",""
2019,"MV","Tag der Deutschen Einheit","2019-10-03",""
2019,"MV","Reformationstag","2019-10-31",""
2019,"MV","1. Weihnachtstag","2019-12-25",""
2019,"MV","2. Weihnachtstag","2019-12-26",""
2019,"NI","Neujahrstag","2019-01-01",""
2019,"NI","Karfreitag","2019-04-19",""
2019,"NI","Ostermontag","2019-04-22",""
2019,"NI","Tag der Arbeit","2019-05-01",""
2019,"NI","Christi Himmelfahrt","2019-05-30",""
2019,"NI","Pfingstmontag","2019-06-10",""
2019,"NI","Tag der Deutschen Einheit","2019-10-03",""
2019,"NI","Reformationstag","2019-10-31",""
2019,"NI","1. Weihnachtstag","2019-12-25",""
2019,"NI","2. Weihnachtstag","2019-12-26",""
2019,"NW","Neujahrstag","2019-01-01",""
2019,"NW","Karfreitag","2019-04-19",""
2019,"NW","Ostermontag","2019-04-22",""
2019,"NW","Tag der Arbeit","2019-05-01",""
2019,"NW","Christi Himmelfahrt","2019-05-30",""
2019,"NW","Pfingstmontag","2019-06-10",""
2019,"NW","Fronleichnam","2019-06-20",""
2019,"NW","Tag der Deutschen Einheit","2019-10-03",""
2019,"NW","Allerheiligen","2019-11-01",""
2019,"NW","1. Weihnachtstag","2019-12-25",""
2019,"NW","2. Weihnachtstag","2019-12-26",""
2019,"RP","Neujahrstag","2019-01-01",""
2019,"RP","Karfreitag","2019-04-19",""
2019,"RP","Ostermontag","2019-04-22",""
2019,"RP","Tag der Arbeit","2019-05-01",""
2019,"RP","Christi Himmelfahrt","2019-05-30",""
2019,"RP","Pfingstmontag","2019-06-10",""
2019,"RP","Fronleichnam","2019-06-20",""
2019,"RP","Tag der Deutschen Einheit","2019-10-03",""
2019,"RP","Allerheiligen","2019-11-01",""
2019,"RP","1. Weihnachtstag","2019-12-25",""
2019,"RP","2. Weihnachtstag","2019-12-26",""
2019,"SH","Neujahrstag","2019-01-01",""
2019,"SH","Karfreitag","2019-04-19",""
2019,"SH","Ostermontag","2019-04-22",""
2019,"SH","Tag der Arbeit","2019-05-01",""
2019,"SH","Christi Himmelfahrt","2019-05-30",""
2019,"SH","Pfingstmontag","2019-06-10",""
2019,"SH","Tag der Deutschen Einheit","2019-10-03",""
2019,"SH","Reformationstag","2019-10-31",""
2019,"SH","1. Weihnachtstag","2019-12-25",""
2019,"SH","2. Weihnachtstag","2019-12-26",""
2019,"SL","Neujahrstag","2019-01-01",""
2019,"SL","Karfreitag","2019-04-19",""
2019,"SL","Ostermontag","2019-04-22",""
2019,"SL","Tag der Arbeit","2019-05-01",""
2019,"SL","Christi Himmelfahrt","2019-05-30",""
2019,"SL","Pfingstmontag","2019-06-10",""
2019,"SL","Fronleichnam","2019-06-20",""
2019,"SL","Mariä Himmelfahrt","2019-08-15",""
2019,"SL","Tag der Deutschen Einheit","2019-10-03",""
2019,"SL","Allerheiligen","2019-11-01",""
2019,"SL","1. Weihnachtstag","2019-12-25",""
2019,"SL","2. Weihnachtstag","2019-12-26",""
2019,"SN","Neujahrstag","2019-01-01",""
2019,"SN","Karfreitag","2019-04-19",""
2019,"SN","Ostermontag","2019-04-22",""
2019,"SN","Tag der Arbeit","2019-05-01",""
2019,"SN","Christi Himmelfahrt","2019-05-30",""
2019,"SN","Pfingstmontag","2019-06-10",""
2019,"SN","Fronleichnam","2019-06-20","Fronleichnam ist kein gesetzlicher Feiertag außer in folgenden katholisch geprägten Gemeinden des sorbischen Siedlungsgebietes im Landkreis Bautzen:
				Bautzen (nur in den Ortsteilen Bolbritz und Salzenforst), Crostwitz, Göda (nur im Ortsteil Prischwitz), Großdubrau (nur im Ortsteil Sdier), Hoyerswerda (nur im Ortsteil Dörgenhausen), Königswartha (nicht im Ortsteil Wartha), Nebelschütz, Neschwitz (nur in den Ortsteilen Neschwitz und Saritsch), Panschwitz-Kuckau, Puschwitz, Räckelwitz, Radibor, Ralbitz-Rosenthal und Wittichenau. Entscheidend ist dabei der Arbeitsort, nicht der Wohnort eines Arbeitnehmers.
				Die gesetzliche Grundlage für diese durch die Fronleichnamsverordnung festgelegte Regelung ergibt sich aus § 1 Abs. 1 des Sächsischen Feiertagsgesetzes.[5]"
2019,"SN","Tag der Deutschen Einheit","2019-10-03",""
2019,"SN","Reformationstag","2019-10-31",""
2019,"SN","Buß- und Bettag","2019-11-20",""
2019,"SN","1. Weihnachtstag","2019-12-25",""
2019,"SN","2. Weihnachtstag","2019-12-26",""
2019,"ST","Neujahrstag","2019-01-01",""
2019,"ST","Heilige Drei Könige","2019-01-06",""
2019,"ST","Karfreitag","2019-04-19",""
2019,"ST","Ostermontag","2019-04-22",""
2019,"ST","Tag der Arbeit","2019-05-01",""
2019,"ST","Christi Himmelfahrt","2019-05-30",""
2019,"ST","Pfingstmontag","2019-06-10",""
2019,"ST","Tag der Deutschen Einheit","2019-10-03",""
2019,"ST","Reformationstag","2019-10-31",""
2019,"ST","1. Weihnachtstag","2019-12-25",""
2019,"ST","2. Weihnachtstag","2019-12-26",""
2019,"TH","Neujahrstag","2019-01-01",""
2019,"TH","Karfreitag","2019-04-19",""
2019,"TH","Ostermontag","2019-04-22",""
2019,"TH","Tag der Arbeit","2019-05-01",""
2019,"TH","Christi Himmelfahrt","2019-05-30",""
2019,"TH","Pfingstmontag","2019-06-10",""
2019,"TH","Fronleichnam","2019-06-20","Fronleichnam ist kein gesetzlicher Feiertag außer im gesamten Landkreis Eichsfeld (79 Gemeinden am 31. Dezember 2013, Auflistung siehe dort) sowie in folgenden Gemeinden des Unstrut-Hainich-Kreises und des Wartburgkreises:
				Anrode (nur in den Ortsteilen Bickenriede und Zella), Brunnhartshausen (nur in den Ortsteilen Föhlritz und Steinberg), Buttlar, Dünwald (nur in den Ortsteilen Beberstedt und Hüpstedt), Geisa, Rodeberg (nur im Ortsteil Struth), Schleid, Südeichsfeld und Zella/Rhön.
				Die gesetzliche Grundlage für diese Regelung ergibt sich aus § 2 Abs. 2 und § 10 Abs. 1 des Thüringer Feiertagsgesetzes.[6]"
2019,"TH","Weltkindertag","2019-09-20",""
2019,"TH","Tag der Deutschen Einheit","2019-10-03",""
2019,"TH","Reformationstag","2019-10-31",""
2019,"TH","1. Weihnachtstag","2019-12-25",""
2019,"TH","2. Weihnachtstag","2019-12-26",""
2020,"BB","Neujahrstag","2020-01-01",""
2020,"BB","Karfreitag","2020-04-10",""
2020,"BB","Ostersonntag","2020-04-12",""
2020,"BB","Ostermontag","2020-04-13",""
2020,"BB","Tag der Arbeit","2020-05-01",""
2020,"BB","Christi Himmelfahrt","2020-05-21",""
2020,"BB","Pfingstsonntag","2020-05-31",""
2020,"BB","Pfingstmontag","2020-06-01",""
2020,"BB","Tag der Deutschen Einheit","2020-10-03",""
2020,"BB","Reformationstag","2020-10-31",""
2020,"BB","1. Weihnachtstag","2020-12-25",""
2020,"BB","2. Weihnachtstag","2020-12-26",""
2020,"BE","Neujahrstag","2020-01-01",""
2020,"BE","Frauentag","2020-03-08",""
2020,"BE","Karfreitag","2020-04-10",""
2020,"BE","Ostermontag","2020-04-13",""
2020,"BE","Tag der Arbeit","2020-05-01",""
2020,"BE","Christi Himmelfahrt","2020-05-21",""
2020,"BE","Pfingstmontag","2020-06-01",""
2020,"BE","Tag der Deutschen Einheit","2020-10-03",""
2020,"BE","1. Weihnachtstag","2020-12-25",""
2020,"BE","2. Weihnachtstag","2020-12-26",""
2020,"BW","Neujahrstag","2020-01-01",""
2020,"BW","Heilige Drei Könige","2020-01-06",""
2020,"BW","Karfreitag","2020-04-10",""
2020,"BW","Ostermontag","2020-04-13",""
2020,"BW","Tag der Arbeit","2020-05-01",""
2020,"BW","Christi Himmelfahrt","2020-05-21",""
2020,"BW","Pfingstmontag","2020-06-01",""
2020,"BW","Fronleichnam","2020-06-11",""
2020,"BW","Tag der Deutschen Einheit","2020-10-03",""
2020,"BW","Reformationstag","2020-10-31","Gemäß § 4 Abs. 3 des Feiertagsgesetzes von Baden-Württemberg[10] haben Schüler am Gründonnerstag und am Reformationstag schulfrei. In der Regel legt das Kultusministerium die Ferientermine so fest, dass diese beiden Tage in die Osterferien bzw. in die Herbstferien fallen."
2020,"BW","Allerheiligen","2020-11-01",""
2020,"BW","1. Weihnachtstag","2020-12-25",""
2020,"BW","2. Weihnachtstag","2020-12-26",""
2020,"BW","Gründonnerstag",NA,"Gemäß § 4 Abs. 3 des Feiertagsgesetzes von Baden-Württemberg[10] haben Schüler am Gründonnerstag und am Reformationstag schulfrei. In der Regel legt das Kultusministerium die Ferientermine so fest, dass diese beiden Tage in die Osterferien bzw. in die Herbstferien fallen."
2020,"BY","Neujahrstag","2020-01-01",""
2020,"BY","Heilige Drei Könige","2020-01-06",""
2020,"BY","Karfreitag","2020-04-10",""
2020,"BY","Ostermontag","2020-04-13",""
2020,"BY","Tag der Arbeit","2020-05-01",""
2020,"BY","Christi Himmelfahrt","2020-05-21",""
2020,"BY","Pfingstmontag","2020-06-01",""
2020,"BY","Fronleichnam","2020-06-11",""
2020,"BY","Augsburger Friedensfest","2020-08-08","Das Augsburger Friedensfest ist nur im Stadtgebiet Augsburg (nicht jedoch im angrenzenden Umland) gesetzlicher Feiertag (Art. 1 Abs. 2 Bayerisches Feiertagsgesetz[7])."
2020,"BY","Mariä Himmelfahrt","2020-08-15","Mariä Himmelfahrt ist in Bayern in von den derzeit 1704[8] (Zensus 2011, bis 2013: 1700) Gemeinden mit überwiegend katholischer Bevölkerung gesetzlicher Feiertag, in den restlichen 352 (Zensus 2011, bis 2013: 356) Gemeinden nicht. Gemäß Art. 1 Abs. 3 des Bayerischen Feiertagsgesetzes[7] ist es Aufgabe des Bayerischen Landesamtes für Statistik und Datenverarbeitung, festzustellen, in welchen Gemeinden Mariä Himmelfahrt gesetzlicher Feiertag ist. Die aktuelle Festlegung beruht auf dem Ergebnis der letzten in der Bundesrepublik Deutschland durchgeführten Volkszählung vom 25. Mai 1987. Gemäß Art 4. Abs. 3 des Bayerischen Feiertagsgesetzes entfällt im gesamten Bundesland zu Mariä Himmelfahrt an Schulen aller Gattungen der Unterricht. Diese Festlegung gilt ausdrücklich auch in den Teilen Bayerns, in denen dieser Tag kein gesetzlicher Feiertag ist. Eine Übersichtskarte aller Gemeinden, in denen Mariä Himmelfahrt ein Feiertag ist, kann beim Bayerischen Landesamt für Statistik und Datenverarbeitung heruntergeladen werden (Link siehe unter ""Weitere Weblinks"")."
2020,"BY","Tag der Deutschen Einheit","2020-10-03",""
2020,"BY","Allerheiligen","2020-11-01",""
2020,"BY","Buß- und Bettag","2020-11-18","Gemäß Art. 4 Nr. 3 des Bayerischen Feiertagsgesetzes[7] entfällt im gesamten Bundesland am Buß- und Bettag an allen Schulen der Unterricht."
2020,"BY","1. Weihnachtstag","2020-12-25",""
2020,"BY","2. Weihnachtstag","2020-12-26",""
2020,"HB","Neujahrstag","2020-01-01",""
2020,"HB","Karfreitag","2020-04-10",""
2020,"HB","Ostermontag","2020-04-13",""
2020,"HB","Tag der Arbeit","2020-05-01",""
2020,"HB","Christi Himmelfahrt","2020-05-21",""
2020,"HB","Pfingstmontag","2020-06-01",""
2020,"HB","Tag der Deutschen Einheit","2020-10-03",""
2020,"HB","Reformationstag","2020-10-31",""
2020,"HB","1. Weihnachtstag","2020-12-25",""
2020,"HB","2. Weihnachtstag","2020-12-26",""
2020,"HE","Neujahrstag","2020-01-01",""
2020,"HE","Karfreitag","2020-04-10",""
2020,"HE","Ostermontag","2020-04-13",""
2020,"HE","Tag der Arbeit","2020-05-01",""
2020,"HE","Christi Himmelfahrt","2020-05-21",""
2020,"HE","Pfingstmontag","2020-06-01",""
2020,"HE","Fronleichnam","2020-06-11",""
2020,"HE","Tag der Deutschen Einheit","2020-10-03",""
2020,"HE","1. Weihnachtstag","2020-12-25",""
2020,"HE","2. Weihnachtstag","2020-12-26",""
2020,"HH","Neujahrstag","2020-01-01",""
2020,"HH","Karfreitag","2020-04-10",""
2020,"HH","Ostermontag","2020-04-13",""
2020,"HH","Tag der Arbeit","2020-05-01",""
2020,"HH","Christi Himmelfahrt","2020-05-21",""
2020,"HH","Pfingstmontag","2020-06-01",""
2020,"HH","Tag der Deutschen Einheit","2020-10-03",""
2020,"HH","Reformationstag","2020-10-31",""
2020,"HH","1. Weihnachtstag","2020-12-25",""
2020,"HH","2. Weihnachtstag","2020-12-26",""
2020,"MV","Neujahrstag","2020-01-01",""
2020,"MV","Karfreitag","2020-04-10",""
2020,"MV","Ostermontag","2020-04-13",""
2020,"MV","Tag der Arbeit","2020-05-01",""
2020,"MV","Christi Himmelfahrt","2020-05-21",""
2020,"MV","Pfingstmontag","2020-06-01",""
2020,"MV","Tag der Deutschen Einheit","2020-10-03",""
2020,"MV","Reformationstag","2020-10-31",""
2020,"MV","1. Weihnachtstag","2020-12-25",""
2020,"MV","2. Weihnachtstag","2020-12-26",""
2020,"NI","Neujahrstag","2020-01-01",""
2020,"NI","Karfreitag","2020-04-10",""
2020,"NI","Ostermontag","2020-04-13",""
2020,"NI","Tag der Arbeit","2020-05-01",""
2020,"NI","Christi Himmelfahrt","2020-05-21",""
2020,"NI","Pfingstmontag","2020-06-01",""
2020,"NI","Tag der Deutschen Einheit","2020-10-03",""
2020,"NI","Reformationstag","2020-10-31",""
2020,"NI","1. Weihnachtstag","2020-12-25",""
2020,"NI","2. Weihnachtstag","2020-12-26",""
2020,"NW","Neujahrstag","2020-01-01",""
2020,"NW","Karfreitag","2020-04-10",""
2020,"NW","Ostermontag","2020-04-13",""
2020,"NW","Tag der Arbeit","2020-05-01",""
2020,"NW","Christi Himmelfahrt","2020-05-21",""
2020,"NW","Pfingstmontag","2020-06-01",""
2020,"NW","Fronleichnam","2020-06-11",""
2020,"NW","Tag der Deutschen Einheit","2020-10-03",""
2020,"NW","Allerheiligen","2020-11-01",""
2020,"NW","1. Weihnachtstag","2020-12-25",""
2020,"NW","2. Weihnachtstag","2020-12-26",""
2020,"RP","Neujahrstag","2020-01-01",""
2020,"RP","Karfreitag","2020-04-10",""
2020,"RP","Ostermontag","2020-04-13",""
2020,"RP","Tag der Arbeit","2020-05-01",""
2020,"RP","Christi Himmelfahrt","2020-05-21",""
2020,"RP","Pfingstmontag","2020-06-01",""
2020,"RP","Fronleichnam","2020-06-11",""
2020,"RP","Tag der Deutschen Einheit","2020-10-03",""
2020,"RP","Allerheiligen","2020-11-01",""
2020,"RP","1. Weihnachtstag","2020-12-25",""
2020,"RP","2. Weihnachtstag","2020-12-26",""
2020,"SH","Neujahrstag","2020-01-01",""
2020,"SH","Karfreitag","2020-04-10",""
2020,"SH","Ostermontag","2020-04-13",""
2020,"SH","Tag der Arbeit","2020-05-01",""
2020,"SH","Christi Himmelfahrt","2020-05-21",""
2020,"SH","Pfingstmontag","2020-06-01",""
2020,"SH","Tag der Deutschen Einheit","2020-10-03",""
2020,"SH","Reformationstag","2020-10-31",""
2020,"SH","1. Weihnachtstag","2020-12-25",""
2020,"SH","2. Weihnachtstag","2020-12-26",""
2020,"SL","Neujahrstag","2020-01-01",""
2020,"SL","Karfreitag","2020-04-10",""
2020,"SL","Ostermontag","2020-04-13",""
2020,"SL","Tag der Arbeit","2020-05-01",""
2020,"SL","Christi Himmelfahrt","2020-05-21",""
2020,"SL","Pfingstmontag","2020-06-01",""
2020,"SL","Fronleichnam","2020-06-11",""
2020,"SL","Mariä Himmelfahrt","2020-08-15",""
2020,"SL","Tag der Deutschen Einheit","2020-10-03",""
2020,"SL","Allerheiligen","2020-11-01",""
2020,"SL","1. Weihnachtstag","2020-12-25",""
2020,"SL","2. Weihnachtstag","2020-12-26",""
2020,"SN","Neujahrstag","2020-01-01",""
2020,"SN","Karfreitag","2020-04-10",""
2020,"SN","Ostermontag","2020-04-13",""
2020,"SN","Tag der Arbeit","2020-05-01",""
2020,"SN","Christi Himmelfahrt","2020-05-21",""
2020,"SN","Pfingstmontag","2020-06-01",""
2020,"SN","Fronleichnam","2020-06-11","Fronleichnam ist kein gesetzlicher Feiertag außer in folgenden katholisch geprägten Gemeinden des sorbischen Siedlungsgebietes im Landkreis Bautzen:
				Bautzen (nur in den Ortsteilen Bolbritz und Salzenforst), Crostwitz, Göda (nur im Ortsteil Prischwitz), Großdubrau (nur im Ortsteil Sdier), Hoyerswerda (nur im Ortsteil Dörgenhausen), Königswartha (nicht im Ortsteil Wartha), Nebelschütz, Neschwitz (nur in den Ortsteilen Neschwitz und Saritsch), Panschwitz-Kuckau, Puschwitz, Räckelwitz, Radibor, Ralbitz-Rosenthal und Wittichenau. Entscheidend ist dabei der Arbeitsort, nicht der Wohnort eines Arbeitnehmers.
				Die gesetzliche Grundlage für diese durch die Fronleichnamsverordnung festgelegte Regelung ergibt sich aus § 1 Abs. 1 des Sächsischen Feiertagsgesetzes.[5]"
2020,"SN","Tag der Deutschen Einheit","2020-10-03",""
2020,"SN","Reformationstag","2020-10-31",""
2020,"SN","Buß- und Bettag","2020-11-18",""
2020,"SN","1. Weihnachtstag","2020-12-25",""
2020,"SN","2. Weihnachtstag","2020-12-26",""
2020,"ST","Neujahrstag","2020-01-01",""
2020,"ST","Heilige Drei Könige","2020-01-06",""
2020,"ST","Karfreitag","2020-04-10",""
2020,"ST","Ostermontag","2020-04-13",""
2020,"ST","Tag der Arbeit","2020-05-01",""
2020,"ST","Christi Himmelfahrt","2020-05-21",""
2020,"ST","Pfingstmontag","2020-06-01",""
2020,"ST","Tag der Deutschen Einheit","2020-10-03",""
2020,"ST","Reformationstag","2020-10-31",""
2020,"ST","1. Weihnachtstag","2020-12-25",""
2020,"ST","2. Weihnachtstag","2020-12-26",""
2020,"TH","Neujahrstag","2020-01-01",""
2020,"TH","Karfreitag","2020-04-10",""
2020,"TH","Ostermontag","2020-04-13",""
2020,"TH","Tag der Arbeit","2020-05-01",""
2020,"TH","Christi Himmelfahrt","2020-05-21",""
2020,"TH","Pfingstmontag","2020-06-01",""
2020,"TH","Fronleichnam","2020-06-11","Fronleichnam ist kein gesetzlicher Feiertag außer im gesamten Landkreis Eichsfeld (79 Gemeinden am 31. Dezember 2013, Auflistung siehe dort) sowie in folgenden Gemeinden des Unstrut-Hainich-Kreises und des Wartburgkreises:
				Anrode (nur in den Ortsteilen Bickenriede und Zella), Brunnhartshausen (nur in den Ortsteilen Föhlritz und Steinberg), Buttlar, Dünwald (nur in den Ortsteilen Beberstedt und Hüpstedt), Geisa, Rodeberg (nur im Ortsteil Struth), Schleid, Südeichsfeld und Zella/Rhön.
				Die gesetzliche Grundlage für diese Regelung ergibt sich aus § 2 Abs. 2 und § 10 Abs. 1 des Thüringer Feiertagsgesetzes.[6]"
2020,"TH","Weltkindertag","2020-09-20",""
2020,"TH","Tag der Deutschen Einheit","2020-10-03",""
2020,"TH","Reformationstag","2020-10-31",""
2020,"TH","1. Weihnachtstag","2020-12-25",""
2020,"TH","2. Weihnachtstag","2020-12-26",""
2021,"BB","Neujahrstag","2021-01-01",""
2021,"BB","Karfreitag","2021-04-02",""
2021,"BB","Ostersonntag","2021-04-04",""
2021,"BB","Ostermontag","2021-04-05",""
2021,"BB","Tag der Arbeit","2021-05-01",""
2021,"BB","Christi Himmelfahrt","2021-05-13",""
2021,"BB","Pfingstsonntag","2021-05-23",""
2021,"BB","Pfingstmontag","2021-05-24",""
2021,"BB","Tag der Deutschen Einheit","2021-10-03",""
2021,"BB","Reformationstag","2021-10-31",""
2021,"BB","1. Weihnachtstag","2021-12-25",""
2021,"BB","2. Weihnachtstag","2021-12-26",""
2021,"BE","Neujahrstag","2021-01-01",""
2021,"BE","Frauentag","2021-03-08",""
2021,"BE","Karfreitag","2021-04-02",""
2021,"BE","Ostermontag","2021-04-05",""
2021,"BE","Tag der Arbeit","2021-05-01",""
2021,"BE","Christi Himmelfahrt","2021-05-13",""
2021,"BE","Pfingstmontag","2021-05-24",""
2021,"BE","Tag der Deutschen Einheit","2021-10-03",""
2021,"BE","1. Weihnachtstag","2021-12-25",""
2021,"BE","2. Weihnachtstag","2021-12-26",""
2021,"BW","Neujahrstag","2021-01-01",""
2021,"BW","Heilige Drei Könige","2021-01-06",""
2021,"BW","Karfreitag","2021-04-02",""
2021,"BW","Ostermontag","2021-04-05",""
2021,"BW","Tag der Arbeit","2021-05-01",""
2021,"BW","Christi Himmelfahrt","2021-05-13",""
2021,"BW","Pfingstmontag","2021-05-24",""
2021,"BW","Fronleichnam","2021-06-03",""
2021,"BW","Tag der Deutschen Einheit","2021-10-03",""
2021,"BW","Reformationstag","2021-10-31","Gemäß § 4 Abs. 3 des Feiertagsgesetzes von Baden-Württemberg[10] haben Schüler am Gründonnerstag und am Reformationstag schulfrei. In der Regel legt das Kultusministerium die Ferientermine so fest, dass diese beiden Tage in die Osterferien bzw. in die Herbstferien fallen."
2021,"BW","Allerheiligen","2021-11-01",""
2021,"BW","1. Weihnachtstag","2021-12-25",""
2021,"BW","2. Weihnachtstag","2021-12-26",""
2021,"BW","Gründonnerstag",NA,"Gemäß § 4 Abs. 3 des Feiertagsgesetzes von Baden-Württemberg[10] haben Schüler am Gründonnerstag und am Reformationstag schulfrei. In der Regel legt das Kultusministerium die Ferientermine so fest, dass diese beiden Tage in die Osterferien bzw. in die Herbstferien fallen."
2021,"BY","Neujahrstag","2021-01-01",""
2021,"BY","Heilige Drei Könige","2021-01-06",""
2021,"BY","Karfreitag","2021-04-02",""
2021,"BY","Ostermontag","2021-04-05",""
2021,"BY","Tag der Arbeit","2021-05-01",""
2021,"BY","Christi Himmelfahrt","2021-05-13",""
2021,"BY","Pfingstmontag","2021-05-24",""
2021,"BY","Fronleichnam","2021-06-03",""
2021,"BY","Augsburger Friedensfest","2021-08-08","Das Augsburger Friedensfest ist nur im Stadtgebiet Augsburg (nicht jedoch im angrenzenden Umland) gesetzlicher Feiertag (Art. 1 Abs. 2 Bayerisches Feiertagsgesetz[7])."
2021,"BY","Mariä Himmelfahrt","2021-08-15","Mariä Himmelfahrt ist in Bayern in von den derzeit 1704[8] (Zensus 2011, bis 2013: 1700) Gemeinden mit überwiegend katholischer Bevölkerung gesetzlicher Feiertag, in den restlichen 352 (Zensus 2011, bis 2013: 356) Gemeinden nicht. Gemäß Art. 1 Abs. 3 des Bayerischen Feiertagsgesetzes[7] ist es Aufgabe des Bayerischen Landesamtes für Statistik und Datenverarbeitung, festzustellen, in welchen Gemeinden Mariä Himmelfahrt gesetzlicher Feiertag ist. Die aktuelle Festlegung beruht auf dem Ergebnis der letzten in der Bundesrepublik Deutschland durchgeführten Volkszählung vom 25. Mai 1987. Gemäß Art 4. Abs. 3 des Bayerischen Feiertagsgesetzes entfällt im gesamten Bundesland zu Mariä Himmelfahrt an Schulen aller Gattungen der Unterricht. Diese Festlegung gilt ausdrücklich auch in den Teilen Bayerns, in denen dieser Tag kein gesetzlicher Feiertag ist. Eine Übersichtskarte aller Gemeinden, in denen Mariä Himmelfahrt ein Feiertag ist, kann beim Bayerischen Landesamt für Statistik und Datenverarbeitung heruntergeladen werden (Link siehe unter ""Weitere Weblinks"")."
2021,"BY","Tag der Deutschen Einheit","2021-10-03",""
2021,"BY","Allerheiligen","2021-11-01",""
2021,"BY","Buß- und Bettag","2021-11-17","Gemäß Art. 4 Nr. 3 des Bayerischen Feiertagsgesetzes[7] entfällt im gesamten Bundesland am Buß- und Bettag an allen Schulen der Unterricht."
2021,"BY","1. Weihnachtstag","2021-12-25",""
2021,"BY","2. Weihnachtstag","2021-12-26",""
2021,"HB","Neujahrstag","2021-01-01",""
2021,"HB","Karfreitag","2021-04-02",""
2021,"HB","Ostermontag","2021-04-05",""
2021,"HB","Tag der Arbeit","2021-05-01",""
2021,"HB","Christi Himmelfahrt","2021-05-13",""
2021,"HB","Pfingstmontag","2021-05-24",""
2021,"HB","Tag der Deutschen Einheit","2021-10-03",""
2021,"HB","Reformationstag","2021-10-31",""
2021,"HB","1. Weihnachtstag","2021-12-25",""
2021,"HB","2. Weihnachtstag","2021-12-26",""
2021,"HE","Neujahrstag","2021-01-01",""
2021,"HE","Karfreitag","2021-04-02",""
2021,"HE","Ostermontag","2021-04-05",""
2021,"HE","Tag der Arbeit","2021-05-01",""
2021,"HE","Christi Himmelfahrt","2021-05-13",""
2021,"HE","Pfingstmontag","2021-05-24",""
2021,"HE","Fronleichnam","2021-06-03",""
2021,"HE","Tag der Deutschen Einheit","2021-10-03",""
2021,"HE","1. Weihnachtstag","2021-12-25",""
2021,"HE","2. Weihnachtstag","2021-12-26",""
2021,"HH","Neujahrstag","2021-01-01",""
2021,"HH","Karfreitag","2021-04-02",""
2021,"HH","Ostermontag","2021-04-05",""
2021,"HH","Tag der Arbeit","2021-05-01",""
2021,"HH","Christi Himmelfahrt","2021-05-13",""
2021,"HH","Pfingstmontag","2021-05-24",""
2021,"HH","Tag der Deutschen Einheit","2021-10-03",""
2021,"HH","Reformationstag","2021-10-31",""
2021,"HH","1. Weihnachtstag","2021-12-25",""
2021,"HH","2. Weihnachtstag","2021-12-26",""
2021,"MV","Neujahrstag","2021-01-01",""
2021,"MV","Karfreitag","2021-04-02",""
2021,"MV","Ostermontag","2021-04-05",""
2021,"MV","Tag der Arbeit","2021-05-01",""
2021,"MV","Christi Himmelfahrt","2021-05-13",""
2021,"MV","Pfingstmontag","2021-05-24",""
2021,"MV","Tag der Deutschen Einheit","2021-10-03",""
2021,"MV","Reformationstag","2021-10-31",""
2021,"MV","1. Weihnachtstag","2021-12-25",""
2021,"MV","2. Weihnachtstag","2021-12-26",""
2021,"NI","Neujahrstag","2021-01-01",""
2021,"NI","Karfreitag","2021-04-02",""
2021,"NI","Ostermontag","2021-04-05",""
2021,"NI","Tag der Arbeit","2021-05-01",""
2021,"NI","Christi Himmelfahrt","2021-05-13",""
2021,"NI","Pfingstmontag","2021-05-24",""
2021,"NI","Tag der Deutschen Einheit","2021-10-03",""
2021,"NI","Reformationstag","2021-10-31",""
2021,"NI","1. Weihnachtstag","2021-12-25",""
2021,"NI","2. Weihnachtstag","2021-12-26",""
2021,"NW","Neujahrstag","2021-01-01",""
2021,"NW","Karfreitag","2021-04-02",""
2021,"NW","Ostermontag","2021-04-05",""
2021,"NW","Tag der Arbeit","2021-05-01",""
2021,"NW","Christi Himmelfahrt","2021-05-13",""
2021,"NW","Pfingstmontag","2021-05-24",""
2021,"NW","Fronleichnam","2021-06-03",""
2021,"NW","Tag der Deutschen Einheit","2021-10-03",""
2021,"NW","Allerheiligen","2021-11-01",""
2021,"NW","1. Weihnachtstag","2021-12-25",""
2021,"NW","2. Weihnachtstag","2021-12-26",""
2021,"RP","Neujahrstag","2021-01-01",""
2021,"RP","Karfreitag","2021-04-02",""
2021,"RP","Ostermontag","2021-04-05",""
2021,"RP","Tag der Arbeit","2021-05-01",""
2021,"RP","Christi Himmelfahrt","2021-05-13",""
2021,"RP","Pfingstmontag","2021-05-24",""
2021,"RP","Fronleichnam","2021-06-03",""
2021,"RP","Tag der Deutschen Einheit","2021-10-03",""
2021,"RP","Allerheiligen","2021-11-01",""
2021,"RP","1. Weihnachtstag","2021-12-25",""
2021,"RP","2. Weihnachtstag","2021-12-26",""
2021,"SH","Neujahrstag","2021-01-01",""
2021,"SH","Karfreitag","2021-04-02",""
2021,"SH","Ostermontag","2021-04-05",""
2021,"SH","Tag der Arbeit","2021-05-01",""
2021,"SH","Christi Himmelfahrt","2021-05-13",""
2021,"SH","Pfingstmontag","2021-05-24",""
2021,"SH","Tag der Deutschen Einheit","2021-10-03",""
2021,"SH","Reformationstag","2021-10-31",""
2021,"SH","1. Weihnachtstag","2021-12-25",""
2021,"SH","2. Weihnachtstag","2021-12-26",""
2021,"SL","Neujahrstag","2021-01-01",""
2021,"SL","Karfreitag","2021-04-02",""
2021,"SL","Ostermontag","2021-04-05",""
2021,"SL","Tag der Arbeit","2021-05-01",""
2021,"SL","Christi Himmelfahrt","2021-05-13",""
2021,"SL","Pfingstmontag","2021-05-24",""
2021,"SL","Fronleichnam","2021-06-03",""
2021,"SL","Mariä Himmelfahrt","2021-08-15",""
2021,"SL","Tag der Deutschen Einheit","2021-10-03",""
2021,"SL","Allerheiligen","2021-11-01",""
2021,"SL","1. Weihnachtstag","2021-12-25",""
2021,"SL","2. Weihnachtstag","2021-12-26",""
2021,"SN","Neujahrstag","2021-01-01",""
2021,"SN","Karfreitag","2021-04-02",""
2021,"SN","Ostermontag","2021-04-05",""
2021,"SN","Tag der Arbeit","2021-05-01",""
2021,"SN","Christi Himmelfahrt","2021-05-13",""
2021,"SN","Pfingstmontag","2021-05-24",""
2021,"SN","Fronleichnam","2021-06-03","Fronleichnam ist kein gesetzlicher Feiertag außer in folgenden katholisch geprägten Gemeinden des sorbischen Siedlungsgebietes im Landkreis Bautzen:
				Bautzen (nur in den Ortsteilen Bolbritz und Salzenforst), Crostwitz, Göda (nur im Ortsteil Prischwitz), Großdubrau (nur im Ortsteil Sdier), Hoyerswerda (nur im Ortsteil Dörgenhausen), Königswartha (nicht im Ortsteil Wartha), Nebelschütz, Neschwitz (nur in den Ortsteilen Neschwitz und Saritsch), Panschwitz-Kuckau, Puschwitz, Räckelwitz, Radibor, Ralbitz-Rosenthal und Wittichenau. Entscheidend ist dabei der Arbeitsort, nicht der Wohnort eines Arbeitnehmers.
				Die gesetzliche Grundlage für diese durch die Fronleichnamsverordnung festgelegte Regelung ergibt sich aus § 1 Abs. 1 des Sächsischen Feiertagsgesetzes.[5]"
2021,"SN","Tag der Deutschen Einheit","2021-10-03",""
2021,"SN","Reformationstag","2021-10-31",""
2021,"SN","Buß- und Bettag","2021-11-17",""
2021,"SN","1. Weihnachtstag","2021-12-25",""
2021,"SN","2. Weihnachtstag","2021-12-26",""
2021,"ST","Neujahrstag","2021-01-01",""
2021,"ST","Heilige Drei Könige","2021-01-06",""
2021,"ST","Karfreitag","2021-04-02",""
2021,"ST","Ostermontag","2021-04-05",""
2021,"ST","Tag der Arbeit","2021-05-01",""
2021,"ST","Christi Himmelfahrt","2021-05-13",""
2021,"ST","Pfingstmontag","2021-05-24",""
2021,"ST","Tag der Deutschen Einheit","2021-10-03",""
2021,"ST","Reformationstag","2021-10-31",""
2021,"ST","1. Weihnachtstag","2021-12-25",""
2021,"ST","2. Weihnachtstag","2021-12-26",""
2021,"TH","Neujahrstag","2021-01-01",""
2021,"TH","Karfreitag","2021-04-02",""
2021,"TH","Ostermontag","2021-04-05",""
2021,"TH","Tag der Arbeit","2021-05-01",""
2021,"TH","Christi Himmelfahrt","2021-05-13",""
2021,"TH","Pfingstmontag","2021-05-24",""
2021,"TH","Fronleichnam","2021-06-03","Fronleichnam ist kein gesetzlicher Feiertag außer im gesamten Landkreis Eichsfeld (79 Gemeinden am 31. Dezember 2013, Auflistung siehe dort) sowie in folgenden Gemeinden des Unstrut-Hainich-Kreises und des Wartburgkreises:
				Anrode (nur in den Ortsteilen Bickenriede und Zella), Brunnhartshausen (nur in den Ortsteilen Föhlritz und Steinberg), Buttlar, Dünwald (nur in den Ortsteilen Beberstedt und Hüpstedt), Geisa, Rodeberg (nur im Ortsteil Struth), Schleid, Südeichsfeld und Zella/Rhön.
				Die gesetzliche Grundlage für diese Regelung ergibt sich aus § 2 Abs. 2 und § 10 Abs. 1 des Thüringer Feiertagsgesetzes.[6]"
2021,"TH","Weltkindertag","2021-09-20",""
2021,"TH","Tag der Deutschen Einheit","2021-10-03",""
2021,"TH","Reformationstag","2021-10-31",""
2021,"TH","1. Weihnachtstag","2021-12-25",""
2021,"TH","2. Weihnachtstag","2021-12-26",""
2022,"BB","Neujahrstag","2022-01-01",""
2022,"BB","Karfreitag","2022-04-15",""
2022,"BB","Ostersonntag","2022-04-17",""
2022,"BB","Ostermontag","2022-04-18",""
2022,"BB","Tag der Arbeit","2022-05-01",""
2022,"BB","Christi Himmelfahrt","2022-05-26",""
2022,"BB","Pfingstsonntag","2022-06-05",""
2022,"BB","Pfingstmontag","2022-06-06",""
2022,"BB","Tag der Deutschen Einheit","2022-10-03",""
2022,"BB","Reformationstag","2022-10-31",""
2022,"BB","1. Weihnachtstag","2022-12-25",""
2022,"BB","2. Weihnachtstag","2022-12-26",""
2022,"BE","Neujahrstag","2022-01-01",""
2022,"BE","Frauentag","2022-03-08",""
2022,"BE","Karfreitag","2022-04-15",""
2022,"BE","Ostermontag","2022-04-18",""
2022,"BE","Tag der Arbeit","2022-05-01",""
2022,"BE","Christi Himmelfahrt","2022-05-26",""
2022,"BE","Pfingstmontag","2022-06-06",""
2022,"BE","Tag der Deutschen Einheit","2022-10-03",""
2022,"BE","1. Weihnachtstag","2022-12-25",""
2022,"BE","2. Weihnachtstag","2022-12-26",""
2022,"BW","Neujahrstag","2022-01-01",""
2022,"BW","Heilige Drei Könige","2022-01-06",""
2022,"BW","Karfreitag","2022-04-15",""
2022,"BW","Ostermontag","2022-04-18",""
2022,"BW","Tag der Arbeit","2022-05-01",""
2022,"BW","Christi Himmelfahrt","2022-05-26",""
2022,"BW","Pfingstmontag","2022-06-06",""
2022,"BW","Fronleichnam","2022-06-16",""
2022,"BW","Tag der Deutschen Einheit","2022-10-03",""
2022,"BW","Reformationstag","2022-10-31","Gemäß § 4 Abs. 3 des Feiertagsgesetzes von Baden-Württemberg[10] haben Schüler am Gründonnerstag und am Reformationstag schulfrei. In der Regel legt das Kultusministerium die Ferientermine so fest, dass diese beiden Tage in die Osterferien bzw. in die Herbstferien fallen."
2022,"BW","Allerheiligen","2022-11-01",""
2022,"BW","1. Weihnachtstag","2022-12-25",""
2022,"BW","2. Weihnachtstag","2022-12-26",""
2022,"BW","Gründonnerstag",NA,"Gemäß § 4 Abs. 3 des Feiertagsgesetzes von Baden-Württemberg[10] haben Schüler am Gründonnerstag und am Reformationstag schulfrei. In der Regel legt das Kultusministerium die Ferientermine so fest, dass diese beiden Tage in die Osterferien bzw. in die Herbstferien fallen."
2022,"BY","Neujahrstag","2022-01-01",""
2022,"BY","Heilige Drei Könige","2022-01-06",""
2022,"BY","Karfreitag","2022-04-15",""
2022,"BY","Ostermontag","2022-04-18",""
2022,"BY","Tag der Arbeit","2022-05-01",""
2022,"BY","Christi Himmelfahrt","2022-05-26",""
2022,"BY","Pfingstmontag","2022-06-06",""
2022,"BY","Fronleichnam","2022-06-16",""
2022,"BY","Augsburger Friedensfest","2022-08-08","Das Augsburger Friedensfest ist nur im Stadtgebiet Augsburg (nicht jedoch im angrenzenden Umland) gesetzlicher Feiertag (Art. 1 Abs. 2 Bayerisches Feiertagsgesetz[7])."
2022,"BY","Mariä Himmelfahrt","2022-08-15","Mariä Himmelfahrt ist in Bayern in von den derzeit 1704[8] (Zensus 2011, bis 2013: 1700) Gemeinden mit überwiegend katholischer Bevölkerung gesetzlicher Feiertag, in den restlichen 352 (Zensus 2011, bis 2013: 356) Gemeinden nicht. Gemäß Art. 1 Abs. 3 des Bayerischen Feiertagsgesetzes[7] ist es Aufgabe des Bayerischen Landesamtes für Statistik und Datenverarbeitung, festzustellen, in welchen Gemeinden Mariä Himmelfahrt gesetzlicher Feiertag ist. Die aktuelle Festlegung beruht auf dem Ergebnis der letzten in der Bundesrepublik Deutschland durchgeführten Volkszählung vom 25. Mai 1987. Gemäß Art 4. Abs. 3 des Bayerischen Feiertagsgesetzes entfällt im gesamten Bundesland zu Mariä Himmelfahrt an Schulen aller Gattungen der Unterricht. Diese Festlegung gilt ausdrücklich auch in den Teilen Bayerns, in denen dieser Tag kein gesetzlicher Feiertag ist. Eine Übersichtskarte aller Gemeinden, in denen Mariä Himmelfahrt ein Feiertag ist, kann beim Bayerischen Landesamt für Statistik und Datenverarbeitung heruntergeladen werden (Link siehe unter ""Weitere Weblinks"")."
2022,"BY","Tag der Deutschen Einheit","2022-10-03",""
2022,"BY","Allerheiligen","2022-11-01",""
2022,"BY","Buß- und Bettag","2022-11-16","Gemäß Art. 4 Nr. 3 des Bayerischen Feiertagsgesetzes[7] entfällt im gesamten Bundesland am Buß- und Bettag an allen Schulen der Unterricht."
2022,"BY","1. Weihnachtstag","2022-12-25",""
2022,"BY","2. Weihnachtstag","2022-12-26",""
2022,"HB","Neujahrstag","2022-01-01",""
2022,"HB","Karfreitag","2022-04-15",""
2022,"HB","Ostermontag","2022-04-18",""
2022,"HB","Tag der Arbeit","2022-05-01",""
2022,"HB","Christi Himmelfahrt","2022-05-26",""
2022,"HB","Pfingstmontag","2022-06-06",""
2022,"HB","Tag der Deutschen Einheit","2022-10-03",""
2022,"HB","Reformationstag","2022-10-31",""
2022,"HB","1. Weihnachtstag","2022-12-25",""
2022,"HB","2. Weihnachtstag","2022-12-26",""
2022,"HE","Neujahrstag","2022-01-01",""
2022,"HE","Karfreitag","2022-04-15",""
2022,"HE","Ostermontag","2022-04-18",""
2022,"HE","Tag der Arbeit","2022-05-01",""
2022,"HE","Christi Himmelfahrt","2022-05-26",""
2022,"HE","Pfingstmontag","2022-06-06",""
2022,"HE","Fronleichnam","2022-06-16",""
2022,"HE","Tag der Deutschen Einheit","2022-10-03",""
2022,"HE","1. Weihnachtstag","2022-12-25",""
2022,"HE","2. Weihnachtstag","2022-12-26",""
2022,"HH","Neujahrstag","2022-01-01",""
2022,"HH","Karfreitag","2022-04-15",""
2022,"HH","Ostermontag","2022-04-18",""
2022,"HH","Tag der Arbeit","2022-05-01",""
2022,"HH","Christi Himmelfahrt","2022-05-26",""
2022,"HH","Pfingstmontag","2022-06-06",""
2022,"HH","Tag der Deutschen Einheit","2022-10-03",""
2022,"HH","Reformationstag","2022-10-31",""
2022,"HH","1. Weihnachtstag","2022-12-25",""
2022,"HH","2. Weihnachtstag","2022-12-26",""
2022,"MV","Neujahrstag","2022-01-01",""
2022,"MV","Karfreitag","2022-04-15",""
2022,"MV","Ostermontag","2022-04-18",""
2022,"MV","Tag der Arbeit","2022-05-01",""
2022,"MV","Christi Himmelfahrt","2022-05-26",""
2022,"MV","Pfingstmontag","2022-06-06",""
2022,"MV","Tag der Deutschen Einheit","2022-10-03",""
2022,"MV","Reformationstag","2022-10-31",""
2022,"MV","1. Weihnachtstag","2022-12-25",""
2022,"MV","2. Weihnachtstag","2022-12-26",""
2022,"NI","Neujahrstag","2022-01-01",""
2022,"NI","Karfreitag","2022-04-15",""
2022,"NI","Ostermontag","2022-04-18",""
2022,"NI","Tag der Arbeit","2022-05-01",""
2022,"NI","Christi Himmelfahrt","2022-05-26",""
2022,"NI","Pfingstmontag","2022-06-06",""
2022,"NI","Tag der Deutschen Einheit","2022-10-03",""
2022,"NI","Reformationstag","2022-10-31",""
2022,"NI","1. Weihnachtstag","2022-12-25",""
2022,"NI","2. Weihnachtstag","2022-12-26",""
2022,"NW","Neujahrstag","2022-01-01",""
2022,"NW","Karfreitag","2022-04-15",""
2022,"NW","Ostermontag","2022-04-18",""
2022,"NW","Tag der Arbeit","2022-05-01",""
2022,"NW","Christi Himmelfahrt","2022-05-26",""
2022,"NW","Pfingstmontag","2022-06-06",""
2022,"NW","Fronleichnam","2022-06-16",""
2022,"NW","Tag der Deutschen Einheit","2022-10-03",""
2022,"NW","Allerheiligen","2022-11-01",""
2022,"NW","1. Weihnachtstag","2022-12-25",""
2022,"NW","2. Weihnachtstag","2022-12-26",""
2022,"RP","Neujahrstag","2022-01-01",""
2022,"RP","Karfreitag","2022-04-15",""
2022,"RP","Ostermontag","2022-04-18",""
2022,"RP","Tag der Arbeit","2022-05-01",""
2022,"RP","Christi Himmelfahrt","2022-05-26",""
2022,"RP","Pfingstmontag","2022-06-06",""
2022,"RP","Fronleichnam","2022-06-16",""
2022,"RP","Tag der Deutschen Einheit","2022-10-03",""
2022,"RP","Allerheiligen","2022-11-01",""
2022,"RP","1. Weihnachtstag","2022-12-25",""
2022,"RP","2. Weihnachtstag","2022-12-26",""
2022,"SH","Neujahrstag","2022-01-01",""
2022,"SH","Karfreitag","2022-04-15",""
2022,"SH","Ostermontag","2022-04-18",""
2022,"SH","Tag der Arbeit","2022-05-01",""
2022,"SH","Christi Himmelfahrt","2022-05-26",""
2022,"SH","Pfingstmontag","2022-06-06",""
2022,"SH","Tag der Deutschen Einheit","2022-10-03",""
2022,"SH","Reformationstag","2022-10-31",""
2022,"SH","1. Weihnachtstag","2022-12-25",""
2022,"SH","2. Weihnachtstag","2022-12-26",""
2022,"SL","Neujahrstag","2022-01-01",""
2022,"SL","Karfreitag","2022-04-15",""
2022,"SL","Ostermontag","2022-04-18",""
2022,"SL","Tag der Arbeit","2022-05-01",""
2022,"SL","Christi Himmelfahrt","2022-05-26",""
2022,"SL","Pfingstmontag","2022-06-06",""
2022,"SL","Fronleichnam","2022-06-16",""
2022,"SL","Mariä Himmelfahrt","2022-08-15",""
2022,"SL","Tag der Deutschen Einheit","2022-10-03",""
2022,"SL","Allerheiligen","2022-11-01",""
2022,"SL","1. Weihnachtstag","2022-12-25",""
2022,"SL","2. Weihnachtstag","2022-12-26",""
2022,"SN","Neujahrstag","2022-01-01",""
2022,"SN","Karfreitag","2022-04-15",""
2022,"SN","Ostermontag","2022-04-18",""
2022,"SN","Tag der Arbeit","2022-05-01",""
2022,"SN","Christi Himmelfahrt","2022-05-26",""
2022,"SN","Pfingstmontag","2022-06-06",""
2022,"SN","Fronleichnam","2022-06-16","Fronleichnam ist kein gesetzlicher Feiertag außer in folgenden katholisch geprägten Gemeinden des sorbischen Siedlungsgebietes im Landkreis Bautzen:
				Bautzen (nur in den Ortsteilen Bolbritz und Salzenforst), Crostwitz, Göda (nur im Ortsteil Prischwitz), Großdubrau (nur im Ortsteil Sdier), Hoyerswerda (nur im Ortsteil Dörgenhausen), Königswartha (nicht im Ortsteil Wartha), Nebelschütz, Neschwitz (nur in den Ortsteilen Neschwitz und Saritsch), Panschwitz-Kuckau, Puschwitz, Räckelwitz, Radibor, Ralbitz-Rosenthal und Wittichenau. Entscheidend ist dabei der Arbeitsort, nicht der Wohnort eines Arbeitnehmers.
				Die gesetzliche Grundlage für diese durch die Fronleichnamsverordnung festgelegte Regelung ergibt sich aus § 1 Abs. 1 des Sächsischen Feiertagsgesetzes.[5]"
2022,"SN","Tag der Deutschen Einheit","2022-10-03",""
2022,"SN","Reformationstag","2022-10-31",""
2022,"SN","Buß- und Bettag","2022-11-16",""
2022,"SN","1. Weihnachtstag","2022-12-25",""
2022,"SN","2. Weihnachtstag","2022-12-26",""
2022,"ST","Neujahrstag","2022-01-01",""
2022,"ST","Heilige Drei Könige","2022-01-06",""
2022,"ST","Karfreitag","2022-04-15",""
2022,"ST","Ostermontag","2022-04-18",""
2022,"ST","Tag der Arbeit","2022-05-01",""
2022,"ST","Christi Himmelfahrt","2022-05-26",""
2022,"ST","Pfingstmontag","2022-06-06",""
2022,"ST","Tag der Deutschen Einheit","2022-10-03",""
2022,"ST","Reformationstag","2022-10-31",""
2022,"ST","1. Weihnachtstag","2022-12-25",""
2022,"ST","2. Weihnachtstag","2022-12-26",""
2022,"TH","Neujahrstag","2022-01-01",""
2022,"TH","Karfreitag","2022-04-15",""
2022,"TH","Ostermontag","2022-04-18",""
2022,"TH","Tag der Arbeit","2022-05-01",""
2022,"TH","Christi Himmelfahrt","2022-05-26",""
2022,"TH","Pfingstmontag","2022-06-06",""
2022,"TH","Fronleichnam","2022-06-16","Fronleichnam ist kein gesetzlicher Feiertag außer im gesamten Landkreis Eichsfeld (79 Gemeinden am 31. Dezember 2013, Auflistung siehe dort) sowie in folgenden Gemeinden des Unstrut-Hainich-Kreises und des Wartburgkreises:
				Anrode (nur in den Ortsteilen Bickenriede und Zella), Brunnhartshausen (nur in den Ortsteilen Föhlritz und Steinberg), Buttlar, Dünwald (nur in den Ortsteilen Beberstedt und Hüpstedt), Geisa, Rodeberg (nur im Ortsteil Struth), Schleid, Südeichsfeld und Zella/Rhön.
				Die gesetzliche Grundlage für diese Regelung ergibt sich aus § 2 Abs. 2 und § 10 Abs. 1 des Thüringer Feiertagsgesetzes.[6]"
2022,"TH","Weltkindertag","2022-09-20",""
2022,"TH","Tag der Deutschen Einheit","2022-10-03",""
2022,"TH","Reformationstag","2022-10-31",""
2022,"TH","1. Weihnachtstag","2022-12-25",""
2022,"TH","2. Weihnachtstag","2022-12-26",""
